atleta_id,apelido,posicao,clube_id,sigla_clube,status_id,rodada,v3s_catboost_nested
98873,Samuel Lino,ATA,262,FLA,7,25,2.378836
116706,Andrés Gómez,ATA,267,VAS,7,25,2.331645
98909,Cuello,ATA,282,CAM,6,25,2.083886
105048,Jajá,ATA,364,REM,6,25,2.045224
141595,Gabriel Mec,ATA,284,GRE,2,25,1.996856
102928,Canobbio,ATA,266,FLU,7,25,1.839243
143153,Tarzia,ATA,287,VIT,2,25,1.838612
98384,Negueba,ATA,2305,MIR,5,25,1.798481
123648,Lucas Ronier,ATA,294,CFC,5,25,1.737345
147883,João Vitor,ATA,267,VAS,6,25,1.727117
118844,Kaio César,ATA,264,COR,7,25,1.712457
113103,Flaco López,ATA,275,PAL,7,25,1.662536
109096,Plata,ATA,262,FLA,6,25,1.633485
97321,Alesson,ATA,2305,MIR,7,25,1.529695
91130,Fernandinho,ATA,2305,MIR,6,25,1.495048
39148,Hulk,ATA,266,FLU,7,25,1.456985
100695,Fernando,ATA,280,RBB,6,25,1.416311
132071,Serna,ATA,266,FLU,6,25,1.385826
87258,Soteldo,ATA,266,FLU,7,25,1.329859
92171,Arthur Cabral,ATA,263,BOT,7,25,1.301340
141339,Paulo Roberto,ATA,294,CFC,6,25,1.278534
132264,Arroyo,ATA,283,CRU,6,25,1.185306
80287,Luciano,ATA,276,SAO,7,25,1.119005
110759,John Kennedy,ATA,266,FLU,5,25,1.092191
112886,Lucas Barbosa,ATA,280,RBB,7,25,1.057278
124424,Rodrigo Castillo,ATA,266,FLU,6,25,1.048144
93478,Wanderson,ATA,283,CRU,6,25,1.044668
143193,Viveros,ATA,293,CAP,7,25,1.037079
142086,Kauan Toledo,ATA,263,BOT,6,25,1.006596
114323,Colidio,ATA,267,VAS,7,25,0.976549
131967,Villarreal,ATA,283,CRU,7,25,0.957086
108131,Garcez,ATA,315,CHA,7,25,0.942482
103445,Kaio Jorge,ATA,283,CRU,6,25,0.913198
106199,Gabriel Pec,ATA,283,CRU,5,25,0.900764
123101,Leozinho,ATA,293,CAP,2,25,0.875813
114208,Alejo Véliz,ATA,265,BAH,7,25,0.863152
101314,Ademir,ATA,265,BAH,6,25,0.812327
142004,Amuzu,ATA,284,GRE,7,25,0.811115
91908,Pavón,ATA,284,GRE,7,25,0.799666
132580,Vinicinho,ATA,280,RBB,7,25,0.791993
101960,Vitinho,ATA,285,INT,7,25,0.739236
94583,Pedro,ATA,262,FLA,7,25,0.731166
127871,Vargas,ATA,293,CAP,2,25,0.720611
109401,Erick Pulga,ATA,265,BAH,7,25,0.720479
114405,Sinisterra,ATA,283,CRU,5,25,0.708781
91607,R. Rústico,ATA,277,SAN,6,25,0.694655
101254,Alef Manga,ATA,364,REM,6,25,0.680555
145379,Kauê Furquim,ATA,265,BAH,6,25,0.678186
113158,Marquinhos,ATA,283,CRU,6,25,0.671832
147560,Caio Suassuna,ATA,265,BAH,6,25,0.657367
109097,Jovane Cabral,ATA,284,GRE,2,25,0.635469
94034,Kevin Ramírez,ATA,315,CHA,6,25,0.634614
106104,Enamorado,ATA,284,GRE,2,25,0.624570
113397,Cristian Olivera,ATA,265,BAH,7,25,0.620731
82627,Luiz Araújo,ATA,262,FLA,6,25,0.618739
108946,Victor Sá,ATA,276,SAO,6,25,0.607363
99818,Paulinho,ATA,275,PAL,5,25,0.586101
122121,Túlio Eduardo,ATA,315,CHA,7,25,0.584022
117930,Lavega,ATA,294,CFC,7,25,0.580837
114801,Danilo Pereira,ATA,263,BOT,7,25,0.576659
105089,Tetê,ATA,284,GRE,6,25,0.572903
114802,Vitor Roque,ATA,275,PAL,7,25,0.559758
107516,Ênio,ATA,315,CHA,6,25,0.553174
111831,Matheus Martins,ATA,263,BOT,6,25,0.550018
68952,Marinho,ATA,287,VIT,6,25,0.548433
93988,Breno Lopes,ATA,294,CFC,7,25,0.540199
107989,Carbonero,ATA,285,INT,7,25,0.539116
100652,Yuri Alberto,ATA,264,COR,6,25,0.532728
78435,Vitinho,ATA,264,COR,5,25,0.526363
99789,Brenner,ATA,267,VAS,5,25,0.525531
141991,Tico,ATA,364,REM,6,25,0.515099
95799,Artur,ATA,276,SAO,7,25,0.508618
105563,Carlos Vinícius,ATA,284,GRE,2,25,0.500856
97810,Erick,ATA,287,VIT,7,25,0.496037
142764,Franco Rossi,ATA,315,CHA,6,25,0.495664
122781,Caballero,ATA,277,SAN,6,25,0.485572
85048,Memphis Depay,ATA,264,COR,7,25,0.478917
151404,Lucas Emanuel,ATA,263,BOT,6,25,0.475068
141406,Andrey Fernandes,ATA,267,VAS,6,25,0.462454
86485,Keno,ATA,294,CFC,6,25,0.460772
101290,Ferreira,ATA,276,SAO,6,25,0.455391
108713,Galeano,ATA,364,REM,7,25,0.429060
117909,Wesley,ATA,283,CRU,6,25,0.427148
143488,Raykkonen,ATA,285,INT,6,25,0.424191
101002,Júnior Santos,ATA,263,BOT,6,25,0.409338
108133,Isidro Pitta,ATA,280,RBB,7,25,0.407581
90302,Pedro Rocha,ATA,294,CFC,7,25,0.402990
101715,Alerrandro,ATA,285,INT,6,25,0.393940
117314,Thiago Borbas,ATA,282,CAM,2,25,0.386989
81005,André Luis,ATA,2305,MIR,6,25,0.380863
89368,Braithwaite,ATA,284,GRE,2,25,0.371233
112863,Ramón Sosa,ATA,275,PAL,5,25,0.362813
117403,Renato Marques,ATA,294,CFC,6,25,0.360367
147268,Anderson Pato,ATA,287,VIT,5,25,0.359683
86757,Everton,ATA,262,FLA,6,25,0.359180
95131,Gabriel Taliari,ATA,364,REM,7,25,0.358712
123795,Lucho Rodríguez,ATA,283,CRU,6,25,0.354818
95362,Cassierra,ATA,282,CAM,6,25,0.354076
110144,Spinelli,ATA,267,VAS,6,25,0.345909
104204,Edson Carioca,ATA,2305,MIR,5,25,0.345644
107700,Eduardo Melo,ATA,364,REM,6,25,0.342237
121824,Kayke,ATA,264,COR,5,25,0.335614
92696,Renato Kayzer,ATA,287,VIT,2,25,0.324183
92811,Bruno Rodrigues,ATA,283,CRU,5,25,0.316108
95332,Marcinho,ATA,315,CHA,7,25,0.306501
90031,Mendoza,ATA,293,CAP,7,25,0.306282
97450,Gustavo Mosquito,ATA,2305,MIR,6,25,0.296204
103967,Bruno Santos,ATA,2305,MIR,7,25,0.280426
110598,Marino Hinestroza,ATA,267,VAS,6,25,0.275206
98225,Pedro Raul,ATA,264,COR,7,25,0.270234
70360,Eduardo Sasha,ATA,280,RBB,6,25,0.249789
89840,Calleri,ATA,276,SAO,6,25,0.246412
142265,Dell,ATA,265,BAH,6,25,0.235660
137542,Kaique Kenji,ATA,283,CRU,7,25,0.230564
78117,Everaldo,ATA,265,BAH,6,25,0.224414
140906,Davi Gomes,ATA,280,RBB,5,25,0.224017
123738,Herrera,ATA,280,RBB,7,25,0.223373
68996,Willian José,ATA,265,BAH,6,25,0.222867
151412,Kássio,ATA,315,CHA,6,25,0.222393
130209,Renê,ATA,287,VIT,2,25,0.215890
102877,Gabriel Poveda,ATA,364,REM,6,25,0.215252
114040,Minda,ATA,282,CAM,7,25,0.207762
130608,Riquelme Fillipi,ATA,275,PAL,6,25,0.205553
90309,David,ATA,267,VAS,2,25,0.203191
124239,Henry Mosquera,ATA,280,RBB,6,25,0.200561
146624,Heittor,ATA,275,PAL,6,25,0.183737
90608,Chico da Costa,ATA,283,CRU,6,25,0.172189
68920,Dudu,ATA,282,CAM,7,25,0.171619
83257,Gabriel,ATA,277,SAN,7,25,0.169044
136955,Sanabria,ATA,265,BAH,6,25,0.167111
130121,João Costa,ATA,283,CRU,7,25,0.160152
133673,Mateus Xavier,ATA,277,SAN,6,25,0.159910
149994,Jhuan Nunes,ATA,280,RBB,6,25,0.157334
133543,Gui Negão,ATA,264,COR,6,25,0.142223
140484,Riquelme Felipe,ATA,266,FLU,6,25,0.141407
90917,Carlos Eduardo,ATA,2305,MIR,6,25,0.136107
97911,Lucas Silva,ATA,287,VIT,6,25,0.134524
104134,Fabri,ATA,287,VIT,6,25,0.122739
147089,Cauã Soares,ATA,282,CAM,6,25,0.122678
140542,Ryan Francisco,ATA,276,SAO,6,25,0.115866
151120,Jorge Rivaldo,ATA,293,CAP,6,25,0.113861
147202,João Bezerra,ATA,285,INT,6,25,0.112049
145036,Fernando Pradella,ATA,277,SAN,6,25,0.106735
129663,Ruan Pablo,ATA,265,BAH,6,25,0.105598
122573,Wallace Yan,ATA,262,FLA,6,25,0.105236
84042,Tiquinho Soares,ATA,263,BOT,6,25,0.103372
149991,David,ATA,294,CFC,6,25,0.103208
122439,Isaac,ATA,293,CAP,6,25,0.093410
142877,Villalba,ATA,263,BOT,6,25,0.090361
42222,Osvaldo,ATA,287,VIT,6,25,0.083719
104666,Moisés,ATA,277,SAN,6,25,0.083284
141609,Lucca,ATA,276,SAO,6,25,0.079300
101237,Eliasson,ATA,285,INT,6,25,0.078570
148717,Tetê,ATA,276,SAO,6,25,0.076009
103626,Ocampo,ATA,294,CFC,5,25,0.075148
88293,Neto Pessoa,ATA,315,CHA,6,25,0.072548
142867,Robinho Jr.,ATA,277,SAN,6,25,0.061858
143463,Wesley Natã,ATA,266,FLU,6,25,0.058991
118775,Lautaro Díaz,ATA,277,SAN,6,25,0.056008
111829,Kayky,ATA,285,INT,5,25,0.055061
141382,Gustavo Santana,ATA,276,SAO,7,25,0.054310
101729,Fabinho,ATA,294,CFC,6,25,0.050453
133690,Bruno Lopes,ATA,267,VAS,6,25,0.037715
90285,Bruno Henrique,ATA,262,FLA,3,25,0.029221
131617,André Silva,ATA,276,SAO,6,25,0.027997
105518,Renan Peixoto,ATA,293,CAP,6,25,0.025903
79631,Cano,ATA,266,FLU,6,25,0.025537
81720,Lingard,ATA,264,COR,6,25,0.006056
146375,Kadir,ATA,263,BOT,6,25,-0.034441
93371,Rodrigo Rodrigues,ATA,294,CFC,6,25,-0.079771
116066,Rubens,ATA,315,CHA,6,25,-0.087757
86292,Bolasie,ATA,315,CHA,5,25,-0.819055
117404,Otávio,GOL,283,CRU,7,25,3.867846
37656,Fábio,GOL,266,FLU,7,25,3.775763
42234,Cássio,GOL,283,CRU,6,25,3.725587
110708,Pedro Rangel,GOL,294,CFC,6,25,3.691710
91101,Ronaldo,GOL,265,BAH,7,25,3.557577
104118,Lucas Arcanjo,GOL,287,VIT,7,25,3.466319
111690,Matheus Cunha,GOL,285,INT,7,25,3.283047
98333,Gabriel Batista,GOL,263,BOT,7,25,3.168935
72018,Tiago Volpi,GOL,280,RBB,7,25,3.167513
105949,Rochet,GOL,285,INT,5,25,3.137268
104084,Carlos Miguel,GOL,275,PAL,7,25,3.100329
72294,Everson,GOL,282,CAM,5,25,3.089714
82730,Marcelo Rangel,GOL,364,REM,7,25,3.069198
85425,João Paulo,GOL,277,SAN,6,25,3.027133
51413,Walter,GOL,2305,MIR,7,25,3.022076
68822,Rafael Santos,GOL,315,CHA,6,25,2.996922
99552,Rossi,GOL,262,FLA,7,25,2.948920
71043,Léo Vieira,GOL,265,BAH,5,25,2.927561
125803,Pedro Morisco,GOL,294,CFC,7,25,2.873089
103056,Gabriel Brazão,GOL,277,SAN,7,25,2.866048
93882,Cleiton,GOL,280,RBB,6,25,2.856889
97905,Matheus Aurélio,GOL,315,CHA,6,25,2.819657
69012,Santos,GOL,293,CAP,7,25,2.791773
87008,Léo Jardim,GOL,267,VAS,7,25,2.704811
111683,Anthoni,GOL,285,INT,6,25,2.671286
91204,Warleson,GOL,263,BOT,6,25,2.657291
101574,Hugo Souza,GOL,264,COR,7,25,2.593673
68928,Rafael,GOL,276,SAO,7,25,2.566872
102906,Anderson,GOL,315,CHA,7,25,2.378129
71631,Weverton,GOL,284,GRE,7,25,2.324769
113690,Diógenes,GOL,277,SAN,6,25,2.309612
121823,Kauê,GOL,264,COR,6,25,2.042607
72279,Thomazella,GOL,2305,MIR,6,25,1.634716
88136,Ivan,GOL,364,REM,6,25,1.609247
68872,Marcelo Lomba,GOL,275,PAL,6,25,1.479325
112616,Gabriel Grando,GOL,284,GRE,6,25,1.240316
110698,Mycael,GOL,293,CAP,6,25,1.200795
147544,Gabriel Menegon,GOL,284,GRE,6,25,1.127555
116067,Thiago Beltrame,GOL,284,GRE,6,25,-0.665730
42500,Fagner,LAT,283,CRU,6,25,5.227790
78445,Renê,LAT,266,FLU,7,25,4.730893
101727,Matheuzinho,LAT,264,COR,7,25,4.451765
116065,Cuiabano,LAT,267,VAS,7,25,4.304469
102975,Escobar,LAT,277,SAN,7,25,4.270328
113157,Nathan Mendes,LAT,287,VIT,5,25,4.148335
105531,Matheus Bidu,LAT,264,COR,7,25,4.077973
95466,Igor Vinícius,LAT,277,SAN,7,25,4.059508
107093,Luciano Juba,LAT,265,BAH,7,25,4.026919
80313,Gilberto,LAT,293,CAP,6,25,3.946637
94968,Juninho Capixaba,LAT,280,RBB,7,25,3.912297
97899,Matheus Bahia,LAT,285,INT,7,25,3.905303
147192,Claudinho,LAT,293,CAP,5,25,3.854041
104758,Enzo Díaz,LAT,276,SAO,6,25,3.785344
132412,Román Gómez,LAT,265,BAH,7,25,3.715009
110426,Bernabei,LAT,285,INT,7,25,3.650950
123717,Zé Guilherme,LAT,265,BAH,6,25,3.609015
100898,Vitinho,LAT,263,BOT,7,25,3.586066
106708,Igor Formiga,LAT,2305,MIR,7,25,3.579043
131516,JP Chermont,LAT,294,CFC,7,25,3.554438
101319,Guga,LAT,266,FLU,7,25,3.447424
143600,Kauã Moraes,LAT,283,CRU,6,25,3.243690
80570,Wendell,LAT,276,SAO,2,25,3.241622
93716,Paulo Henrique,LAT,267,VAS,7,25,3.189969
106302,Preciado,LAT,282,CAM,2,25,3.168870
96870,Emerson Royal,LAT,262,FLA,7,25,3.158818
88393,Ayrton Lucas,LAT,262,FLA,7,25,3.075560
141337,Lucas Taverna,LAT,294,CFC,6,25,3.072097
101597,Ramon,LAT,287,VIT,7,25,3.062238
104257,João Lucas,LAT,364,REM,6,25,3.055806
148125,Ryan Augusto,LAT,280,RBB,6,25,2.982446
98720,Angileri,LAT,264,COR,6,25,2.921324
147090,Kauã Pascini,LAT,282,CAM,7,25,2.917951
145404,Arthur,LAT,275,PAL,7,25,2.874432
111832,Jefté,LAT,275,PAL,5,25,2.874276
97101,Gabriel Rojas,LAT,283,CRU,7,25,2.870901
84816,Varela,LAT,262,FLA,6,25,2.868625
107554,Natanael,LAT,282,CAM,2,25,2.868047
87228,Guilherme Arana,LAT,266,FLU,6,25,2.785666
73384,Samuel Xavier,LAT,266,FLU,5,25,2.773639
148092,Vitor Ramon,LAT,284,GRE,6,25,2.706803
122670,Diego Caito,LAT,284,GRE,6,25,2.703024
141611,Maik,LAT,276,SAO,6,25,2.696941
61987,Alex Sandro,LAT,262,FLA,6,25,2.681235
113113,Benavídez,LAT,293,CAP,7,25,2.678958
104649,Heitor,LAT,315,CHA,2,25,2.677413
97868,Iago,LAT,276,SAO,2,25,2.657291
82628,Tinga,LAT,294,CFC,5,25,2.626247
101708,Felipe Jonatan,LAT,294,CFC,6,25,2.617784
104470,Everton,LAT,315,CHA,6,25,2.616669
84339,Bruno Melo,LAT,294,CFC,7,25,2.605552
146374,Gilberto Junior,LAT,293,CAP,6,25,2.600788
106950,Fernando,LAT,315,CHA,6,25,2.599113
96591,Renan Lodi,LAT,282,CAM,6,25,2.589331
145660,Luiz Felipe,LAT,285,INT,6,25,2.549785
97795,Marcelinho,LAT,364,REM,7,25,2.491903
150959,Davizinho,LAT,277,SAN,6,25,2.481249
89273,João Pedro,LAT,284,GRE,6,25,2.477793
86864,Marlon,LAT,364,REM,7,25,2.410030
105175,Khellven,LAT,275,PAL,6,25,2.396146
124526,Giay,LAT,275,PAL,7,25,2.387936
91706,Marlon,LAT,284,GRE,2,25,2.381107
111879,Mateus Silva,LAT,287,VIT,6,25,2.380233
110715,Andrés Hurtado,LAT,280,RBB,6,25,2.374602
93637,Bruno Tubarão,LAT,315,CHA,2,25,2.356972
127932,Júlio Fidelis,LAT,266,FLU,6,25,2.353616
145400,Cauê,LAT,280,RBB,6,25,2.353601
73318,Daniel Borges,LAT,2305,MIR,6,25,2.318424
141868,Vini Lira,LAT,277,SAN,5,25,2.318163
82775,Lucas Ramon,LAT,276,SAO,7,25,2.314894
149715,Rafael Gonzaga,LAT,277,SAN,6,25,2.303702
107236,Vanderlan,LAT,280,RBB,6,25,2.303496
124358,João Almeida,LAT,294,CFC,6,25,2.275720
99034,Elias,LAT,2305,MIR,6,25,2.258920
102130,Piquerez,LAT,275,PAL,6,25,2.252116
141405,Avellar,LAT,267,VAS,6,25,2.215025
105584,Lucas Piton,LAT,267,VAS,6,25,2.209328
116461,Jamerson,LAT,287,VIT,6,25,2.207512
99213,Puma Rodríguez,LAT,267,VAS,6,25,2.200332
90061,Bruno Pacheco,LAT,315,CHA,7,25,2.193290
130232,Caio Roque,LAT,263,BOT,6,25,2.168442
124481,Mateo Ponte,LAT,263,BOT,6,25,2.141388
142868,Johnny,LAT,262,FLA,6,25,2.093835
63013,Marcos Rocha,LAT,284,GRE,6,25,2.022783
89275,William,LAT,283,CRU,7,25,2.009958
102318,Caio Paulista,LAT,284,GRE,6,25,2.009911
141594,Pedro Gabriel,LAT,284,GRE,2,25,2.007439
110668,Esquivel,LAT,293,CAP,5,25,1.980801
77656,Cédric Soares,LAT,276,SAO,6,25,1.948906
123689,Milans,LAT,264,COR,6,25,1.901036
105213,Sant'Anna,LAT,280,RBB,7,25,1.895366
103347,Matheus Alexandre,LAT,364,REM,6,25,1.890926
120433,Léo Derik,LAT,293,CAP,6,25,1.833757
101820,Mayk,LAT,364,REM,5,25,1.743592
145659,Nicolas,LAT,276,SAO,6,25,1.742947
110510,Aguirre,LAT,285,INT,7,25,1.729983
131964,Jhoan Hernández,LAT,263,BOT,6,25,1.727605
100848,Luan Cândido,LAT,287,VIT,7,25,1.682688
91626,Paulinho,LAT,263,BOT,5,25,1.681745
97468,Marçal,LAT,263,BOT,6,25,1.530330
72493,Alex Telles,LAT,263,BOT,7,25,1.474189
86410,Victor Luis,LAT,2305,MIR,6,25,1.296791
141763,Fabiano Souza,LAT,287,VIT,6,25,1.126342
78850,Reinaldo,LAT,2305,MIR,7,25,0.984046
141776,Gustavo Henrique,MEI,277,SAN,6,25,7.642004
80129,Jadson,MEI,293,CAP,7,25,7.601704
126471,Barreal,MEI,277,SAN,7,25,6.032708
87747,Yago Felipe,MEI,315,CHA,7,25,6.006721
106202,Bruno Gomes,MEI,285,INT,3,25,5.617215
104783,Acevedo,MEI,265,BAH,7,25,5.544924
103767,Gabriel Menino,MEI,277,SAN,5,25,5.071092
107256,Zé Vitor,MEI,287,VIT,7,25,4.799823
98022,Erick,MEI,265,BAH,7,25,4.236153
141451,Allan,MEI,275,PAL,6,25,4.216141
111682,Adson,MEI,267,VAS,2,25,4.188845
96652,Allan,MEI,264,COR,6,25,4.171459
84558,Lucas Romero,MEI,283,CRU,6,25,4.098610
105436,Carrascal,MEI,262,FLA,2,25,4.080789
94930,Lucas Paquetá,MEI,262,FLA,2,25,4.051390
62977,Ganso,MEI,266,FLU,7,25,3.864000
115025,Miguelito,MEI,277,SAN,6,25,3.720646
94067,Matheus Fernandes,MEI,280,RBB,6,25,3.670209
128431,João Cruz,MEI,293,CAP,7,25,3.632578
102911,Zé Ricardo,MEI,364,REM,7,25,3.530257
104519,Camilo,MEI,315,CHA,3,25,3.514026
107231,Danilo,MEI,263,BOT,7,25,3.455813
104811,Sebastián Gómez,MEI,294,CFC,7,25,3.433781
141754,Gabriel Bontempo,MEI,277,SAN,7,25,3.394015
102255,Santiago Sosa,MEI,267,VAS,7,25,3.356743
103388,Emmanuel Martínez,MEI,287,VIT,7,25,3.339095
90588,Caíque,MEI,287,VIT,7,25,3.196268
91473,Erick Pulgar,MEI,262,FLA,7,25,3.131530
95541,Gustavo Cazonatti,MEI,2305,MIR,2,25,3.074712
109987,Medina,MEI,263,BOT,7,25,3.017965
115986,Denilson,MEI,2305,MIR,2,25,2.981155
122485,Barros,MEI,267,VAS,6,25,2.970443
105157,Villagra,MEI,285,INT,7,25,2.929459
63007,Neymar,MEI,277,SAN,7,25,2.920953
99440,Baralhas,MEI,287,VIT,5,25,2.859422
106843,Borrero,MEI,315,CHA,6,25,2.852915
130414,Robert,MEI,315,CHA,5,25,2.852915
71123,Thiago Mendes,MEI,267,VAS,7,25,2.819265
112017,Felipinho,MEI,293,CAP,6,25,2.784499
86859,José Welison,MEI,364,REM,7,25,2.777958
117632,Garro,MEI,264,COR,7,25,2.772347
78478,Willian Arão,MEI,277,SAN,7,25,2.748272
109336,Rafael Carvalheira,MEI,315,CHA,5,25,2.732940
118563,Rodriguinho,MEI,280,RBB,7,25,2.669582
77777,João Schmidt,MEI,277,SAN,3,25,2.500039
117910,Breno Bidon,MEI,264,COR,3,25,2.481917
151292,Felipe Morais,MEI,283,CRU,6,25,2.401612
81091,Jair,MEI,267,VAS,5,25,2.376818
108683,Emiliano Martínez,MEI,275,PAL,6,25,2.324921
80196,Yago Pikachu,MEI,364,REM,6,25,2.293131
95556,Raniele,MEI,264,COR,7,25,2.265718
86686,Tchê Tchê,MEI,267,VAS,7,25,2.264111
99815,Arias,MEI,275,PAL,5,25,2.232192
89256,Gerson,MEI,283,CRU,6,25,2.179874
83433,Patrick,MEI,364,REM,6,25,2.168118
68938,Giovanni Augusto,MEI,315,CHA,7,25,2.141634
106822,Rodrigo Nestor,MEI,265,BAH,7,25,2.102270
70592,Felipe Anderson,MEI,275,PAL,7,25,2.036254
122321,Lorran,MEI,262,FLA,6,25,2.013799
100596,Krovinovic,MEI,284,GRE,2,25,2.002686
109573,Martinelli,MEI,266,FLU,7,25,1.939807
68685,Alan Patrick,MEI,285,INT,7,25,1.864721
90703,Matheuzinho,MEI,287,VIT,2,25,1.841228
84735,Jorginho,MEI,262,FLA,7,25,1.826667
87742,Neto Moura,MEI,2305,MIR,7,25,1.818874
87863,Arrascaeta,MEI,262,FLA,7,25,1.781534
78605,Gabriel,MEI,280,RBB,6,25,1.752886
132274,Ignacio Sosa,MEI,280,RBB,6,25,1.734753
106294,Marcos Antônio,MEI,276,SAO,7,25,1.709179
107873,Bobadilla,MEI,276,SAO,5,25,1.680264
100742,Matheus Henrique,MEI,283,CRU,7,25,1.672962
110605,Vinícius Balieiro,MEI,315,CHA,6,25,1.597271
130906,Riquelme,MEI,293,CAP,6,25,1.583136
96610,Matheus Pereira,MEI,283,CRU,6,25,1.568675
89274,Andreas Pereira,MEI,275,PAL,7,25,1.555497
71536,Luiz Gustavo,MEI,293,CAP,7,25,1.544598
51772,Everton Ribeiro,MEI,265,BAH,5,25,1.525013
93790,Marlon Freitas,MEI,275,PAL,7,25,1.520869
147088,Cissé,MEI,282,CAM,7,25,1.520272
98517,Jean Lucas,MEI,265,BAH,3,25,1.503384
131832,Portilla,MEI,293,CAP,6,25,1.455078
107203,Max,MEI,315,CHA,5,25,1.421853
141400,Huguinho,MEI,263,BOT,7,25,1.415946
79701,Lucas Silva,MEI,283,CRU,7,25,1.393241
68708,Eduardo,MEI,2305,MIR,7,25,1.386867
127970,Felipe Chiqueti,MEI,293,CAP,6,25,1.377036
69140,Allan,MEI,263,BOT,6,25,1.371798
144976,Domingos Andrade,MEI,263,BOT,6,25,1.355479
147545,Jefinho,MEI,284,GRE,6,25,1.353772
97145,Villasanti,MEI,284,GRE,7,25,1.324142
77485,Carrillo,MEI,264,COR,7,25,1.319573
98672,Savarino,MEI,266,FLU,6,25,1.290426
88479,Walace,MEI,287,VIT,6,25,1.284525
123360,Cauly,MEI,276,SAO,6,25,1.283833
126189,Tomás Pérez,MEI,282,CAM,2,25,1.275651
90370,Matheus Pereira,MEI,264,COR,6,25,1.244394
112939,Catarozzi,MEI,364,REM,6,25,1.220528
101352,Bruno Matias,MEI,315,CHA,7,25,1.213924
103295,Eric Ramires,MEI,280,RBB,7,25,1.212913
142279,Nuno Moreira,MEI,267,VAS,6,25,1.205841
80061,Saúl,MEI,262,FLA,6,25,1.177582
99267,Pochettino,MEI,287,VIT,6,25,1.165923
101405,Wallisson,MEI,2305,MIR,3,25,1.120768
105903,Aldo Filho,MEI,2305,MIR,5,25,1.072416
113125,Picco,MEI,364,REM,7,25,1.069928
126182,Paulinho,MEI,285,INT,3,25,1.061272
87999,Gustavo Scarpa,MEI,282,CAM,6,25,1.030350
112576,Vini Paulista,MEI,294,CFC,6,25,0.971472
141160,Zé Lucas,MEI,283,CRU,7,25,0.937953
105214,Santi Rodríguez,MEI,263,BOT,6,25,0.916397
105068,Reinier,MEI,282,CAM,2,25,0.902666
101807,Oliva,MEI,277,SAN,7,25,0.896218
102909,Luan,MEI,276,SAO,6,25,0.887480
89637,Thiago Maia,MEI,285,INT,6,25,0.886922
109966,Monsalve,MEI,284,GRE,6,25,0.858069
126120,Marcelinho,MEI,280,RBB,6,25,0.850575
85403,Danielzinho,MEI,276,SAO,7,25,0.843062
92981,Ronaldo,MEI,285,INT,6,25,0.823108
70944,Bruno Henrique,MEI,285,INT,7,25,0.802384
94154,Maycon,MEI,282,CAM,6,25,0.799734
122660,Japa,MEI,2305,MIR,6,25,0.780317
116447,Hércules,MEI,266,FLU,3,25,0.772564
141344,Vitor Tissi,MEI,294,CFC,7,25,0.760371
89837,Lucho Acosta,MEI,266,FLU,6,25,0.731691
130620,Edenílson,MEI,287,VIT,6,25,0.728941
110633,Gustavo,MEI,294,CFC,6,25,0.695088
96342,Charles,MEI,264,COR,6,25,0.684178
125926,Zapelli,MEI,293,CAP,6,25,0.673399
108162,Nardoni,MEI,284,GRE,5,25,0.671736
116034,Victor Hugo,MEI,282,CAM,7,25,0.665912
84626,Josué,MEI,294,CFC,7,25,0.661571
106323,Caio Alexandre,MEI,265,BAH,6,25,0.635812
104693,Newton,MEI,276,SAO,2,25,0.633296
105647,Maurício,MEI,275,PAL,7,25,0.620137
150180,Ramon Rique,MEI,267,VAS,6,25,0.602650
39656,Alan Franco,MEI,282,CAM,6,25,0.573291
118774,Alexsander,MEI,282,CAM,6,25,0.546295
140438,David,MEI,315,CHA,6,25,0.541448
125746,Dudu,MEI,293,CAP,6,25,0.540556
113359,Pablo Maia,MEI,276,SAO,2,25,0.524426
124961,Castaño,MEI,282,CAM,2,25,0.523462
82463,Otávio,MEI,266,FLU,6,25,0.517776
142890,Montoro,MEI,263,BOT,7,25,0.514800
100987,Nonato,MEI,266,FLU,7,25,0.507544
141536,Yuri Alves,MEI,280,RBB,6,25,0.472176
147546,Roger,MEI,284,GRE,6,25,0.462622
150757,Samuel Pierri,MEI,277,SAN,6,25,0.458968
148215,Djhordney,MEI,276,SAO,6,25,0.444587
104036,Labyad,MEI,264,COR,5,25,0.431036
100084,Igor Gomes,MEI,282,CAM,5,25,0.415412
97520,Shaylon,MEI,2305,MIR,6,25,0.411375
142484,Barrera,MEI,263,BOT,5,25,0.380243
87552,Vitor Bueno,MEI,364,REM,7,25,0.359277
109461,Calebe,MEI,285,INT,6,25,0.348229
115914,Evertton Araújo,MEI,262,FLA,6,25,0.343741
128433,Johan Rojas,MEI,267,VAS,5,25,0.332625
81845,Alisson,MEI,266,FLU,5,25,0.327836
146991,Rhuan Gabriel,MEI,283,CRU,6,25,0.317124
87470,Thaciano,MEI,277,SAN,6,25,0.281622
84428,Fernando Sobral,MEI,294,CFC,6,25,0.277755
146623,Luis Pacheco,MEI,275,PAL,6,25,0.276831
107173,Michel Araújo,MEI,265,BAH,6,25,0.270465
130889,Riquelme,MEI,284,GRE,6,25,0.252817
98224,Jáderson,MEI,364,REM,6,25,0.237206
102256,Rollheiser,MEI,277,SAN,6,25,0.218825
84674,Lucas Evangelista,MEI,275,PAL,6,25,0.203007
130279,Lukas Zuccarello,MEI,267,VAS,6,25,0.198642
72460,Bernard,MEI,282,CAM,6,25,0.186525
63289,Edenílson,MEI,263,BOT,6,25,0.185152
82407,Chico Kim,MEI,2305,MIR,6,25,0.172979
142260,Bernardo Zortea,MEI,284,GRE,6,25,0.162638
145744,André,MEI,264,COR,5,25,0.149385
122394,Gustavinho,MEI,280,RBB,6,25,0.119419
141615,Pedro Ferreira,MEI,276,SAO,6,25,0.116777
124270,Allex,MEI,285,INT,5,25,0.093146
77510,Fred,MEI,282,CAM,6,25,0.091324
70164,Lucas Moura,MEI,276,SAO,5,25,0.074611
123016,David Braga,MEI,364,REM,6,25,0.048498
141995,Dieguinho,MEI,264,COR,6,25,0.010981
89883,Dodi,MEI,284,GRE,5,25,0.007295
99228,De la Cruz,MEI,262,FLA,6,25,-0.045769
140726,David Martins,MEI,265,BAH,6,25,-0.099783
85465,Alex Santana,MEI,264,COR,6,25,-0.108470
136156,Larson,MEI,275,PAL,6,25,-0.128535
86777,Danilo Barbosa,MEI,284,GRE,7,25,-0.149711
140496,Tiaguinho,MEI,284,GRE,6,25,-0.149711
146410,Marquinhos,MEI,263,BOT,6,25,-0.154237
111760,Fabinho,MEI,280,RBB,6,25,-0.197815
105901,Edson Fernando,MEI,364,REM,5,25,-0.202162
143295,Joshua,MEI,262,FLA,6,25,-0.229190
104330,Dudu,MEI,287,VIT,5,25,-0.268128
146701,Benjamin Arhin,MEI,285,INT,5,25,-0.336965
106593,Villalba,ZAG,283,CRU,2,25,5.081271
132553,Jemmes,ZAG,266,FLU,6,25,3.513562
150197,Osorio,ZAG,276,SAO,6,25,3.412433
70666,Marllon,ZAG,364,REM,7,25,3.375912
123445,Dantas,ZAG,293,CAP,7,25,3.363987
83528,Léo Pereira,ZAG,262,FLA,7,25,3.197446
146430,Justino,ZAG,263,BOT,7,25,2.713729
117330,Robert Renan,ZAG,267,VAS,6,25,2.667784
100842,Ruan,ZAG,282,CAM,5,25,2.571822
97878,Jacy,ZAG,294,CFC,7,25,2.369500
124912,Jonathan Jesus,ZAG,283,CRU,2,25,2.368860
105990,Santiago Mingo,ZAG,265,BAH,7,25,2.352206
97653,Murilo,ZAG,275,PAL,2,25,2.342891
105300,Ferraresi,ZAG,263,BOT,7,25,2.290292
106434,Eduardo Santos,ZAG,280,RBB,6,25,2.284953
71684,Gustavo Gómez,ZAG,275,PAL,7,25,2.273255
97642,Félix Torres,ZAG,285,INT,2,25,2.267620
99274,Alexander Barboza,ZAG,275,PAL,2,25,2.231426
90768,Fabrício Bruno,ZAG,283,CRU,3,25,2.209055
130048,Noriega,ZAG,284,GRE,3,25,2.168062
104075,Sabino,ZAG,276,SAO,6,25,2.150343
91772,David Duarte,ZAG,265,BAH,7,25,2.139630
96793,Camutanga,ZAG,287,VIT,5,25,2.132520
101908,Willian Machado,ZAG,2305,MIR,7,25,2.120631
72951,Mercado,ZAG,285,INT,3,25,2.109800
102340,Cacá,ZAG,287,VIT,7,25,2.084830
101393,Eduardo Doma,ZAG,315,CHA,7,25,2.002974
78855,Thiago Santos,ZAG,294,CFC,3,25,1.989332
110750,Gustavo Marques,ZAG,280,RBB,7,25,1.952953
97095,Carlos Cuesta,ZAG,267,VAS,7,25,1.949217
91573,Arboleda,ZAG,276,SAO,7,25,1.949144
84847,Luan Peres,ZAG,277,SAN,7,25,1.928512
100804,Tchamba,ZAG,364,REM,7,25,1.927339
111246,Alix Vinicius,ZAG,280,RBB,6,25,1.919735
97460,João Victor,ZAG,2305,MIR,7,25,1.916473
87225,Pedro Henrique,ZAG,280,RBB,7,25,1.901643
118655,Saldivia,ZAG,267,VAS,6,25,1.845552
109127,Tiago Cóser,ZAG,294,CFC,7,25,1.804538
111466,Victor Gabriel,ZAG,285,INT,3,25,1.767633
130843,Arthur Dias,ZAG,293,CAP,7,25,1.764899
87887,Balbuena,ZAG,284,GRE,6,25,1.763670
93368,Lucas Veríssimo,ZAG,277,SAN,7,25,1.737722
106313,Domingos Duarte,ZAG,276,SAO,7,25,1.733889
103523,Ignácio,ZAG,266,FLU,7,25,1.729843
101995,Brítez,ZAG,287,VIT,7,25,1.716056
69208,Gabriel Paulista,ZAG,264,COR,7,25,1.706921
123869,Aguirre,ZAG,293,CAP,7,25,1.683058
105047,João Marcelo,ZAG,283,CRU,7,25,1.677673
111309,Gustavo Martins,ZAG,284,GRE,2,25,1.665809
78248,Gustavo Henrique,ZAG,264,COR,7,25,1.662106
72605,Vitor Hugo,ZAG,282,CAM,7,25,1.597168
100342,Léo Andrade,ZAG,364,REM,6,25,1.595307
63008,Rafael Tolói,ZAG,276,SAO,6,25,1.585857
92087,Lyanco,ZAG,282,CAM,5,25,1.569936
97867,Léo Ortiz,ZAG,262,FLA,7,25,1.549212
89493,Igor Rabello,ZAG,266,FLU,5,25,1.499224
94514,Lucas Oliveira,ZAG,2305,MIR,6,25,1.482847
113034,Freytes,ZAG,266,FLU,5,25,1.481197
107985,Terán,ZAG,293,CAP,6,25,1.480641
97432,Victor Caetano,ZAG,315,CHA,6,25,1.469693
91866,Zé Ivaldo,ZAG,364,REM,6,25,1.450043
107453,João Paulo,ZAG,315,CHA,5,25,1.438284
98617,Maripán,ZAG,285,INT,7,25,1.404339
92182,Juninho,ZAG,285,INT,2,25,1.388950
104994,Wagner Leonardo,ZAG,284,GRE,2,25,1.357951
141131,Vitão,ZAG,282,CAM,7,25,1.339502
105842,Edu,ZAG,287,VIT,5,25,1.338599
145563,João Ananias,ZAG,277,SAN,6,25,1.328144
104085,Bruno Fuchs,ZAG,275,PAL,6,25,1.303462
71227,Maicon,ZAG,294,CFC,6,25,1.262633
124219,Millán,ZAG,266,FLU,2,25,1.229344
69783,Danilo,ZAG,262,FLA,6,25,1.220721
83048,Rafael Thyere,ZAG,315,CHA,6,25,1.189840
125488,João Pedro,ZAG,264,COR,6,25,1.160306
150825,Breno,ZAG,280,RBB,6,25,1.127606
115141,Lucas Freitas,ZAG,267,VAS,7,25,1.109910
102310,Matheus Felipe,ZAG,364,REM,6,25,1.109282
148124,Vinicius,ZAG,315,CHA,5,25,1.100999
85626,Léo,ZAG,293,CAP,6,25,1.095080
87342,Kannemann,ZAG,284,GRE,6,25,1.067671
126013,Ythallo,ZAG,263,BOT,6,25,1.057810
92440,André Ramalho,ZAG,264,COR,5,25,1.046519
97900,Vitão,ZAG,262,FLA,6,25,1.042964
140492,João Victor,ZAG,262,FLA,6,25,1.035065
63354,Rodrigo Moledo,ZAG,294,CFC,6,25,0.989544
130307,Wallace,ZAG,284,GRE,7,25,0.987194
130806,Kauan,ZAG,315,CHA,7,25,0.958334
133679,Benedetti,ZAG,275,PAL,6,25,0.893723
115537,Marcos Victor,ZAG,265,BAH,6,25,0.892588
37715,Thiago Silva,ZAG,266,FLU,2,25,0.887096
117061,Gabriel Knesowitsch,ZAG,2305,MIR,7,25,0.841655
124483,Lucas Monzón,ZAG,263,BOT,6,25,0.716576
142257,Luis Eduardo,ZAG,284,GRE,6,25,0.705237
98484,Kanu,ZAG,265,BAH,6,25,0.703069
