atleta_id,apelido,posicao,clube_id,sigla_clube,status_id,titularidade_pre_rodada,minutos_esperados_pre_rodada,mando,adversario_id,sigla_adversario,data_partida,rodada,v3s_expected_scouts,direta_rf_lab,v3h_hibrido,alpha_v3s,alpha_rf_direto
143193,Viveros,ATA,293,CAP,7,95.000000,85.000000,casa,266,FLU,2026-08-30 11:00:00,25,15.624093,6.858888,11.241491,0.500000,0.500000
94583,Pedro,ATA,262,FLA,7,95.000000,85.000000,casa,263,BOT,2026-08-30 16:00:00,25,11.346716,7.604348,9.475532,0.500000,0.500000
113103,Flaco López,ATA,275,PAL,7,95.000000,85.000000,fora,2305,MIR,2026-08-30 18:30:00,25,10.576849,7.109549,8.843199,0.500000,0.500000
132071,Serna,ATA,266,FLU,6,10.000000,10.000000,fora,293,CAP,2026-08-30 11:00:00,25,10.328270,5.857209,8.092739,0.500000,0.500000
98909,Cuello,ATA,282,CAM,6,10.000000,10.000000,casa,287,VIT,2026-08-29 18:30:00,25,9.170679,7.003672,8.087176,0.500000,0.500000
39148,Hulk,ATA,266,FLU,7,95.000000,85.000000,fora,293,CAP,2026-08-30 11:00:00,25,8.445661,5.878249,7.161955,0.500000,0.500000
100695,Fernando,ATA,280,RBB,6,10.000000,10.000000,fora,276,SAO,2026-08-29 20:00:00,25,9.280409,4.709188,6.994799,0.500000,0.500000
100652,Yuri Alberto,ATA,264,COR,6,10.000000,10.000000,casa,277,SAN,2026-08-30 16:00:00,25,8.030413,5.687772,6.859092,0.500000,0.500000
105048,Jajá,ATA,364,REM,6,10.000000,10.000000,casa,294,CFC,2026-08-31 20:00:00,25,8.246610,5.406220,6.826415,0.500000,0.500000
98873,Samuel Lino,ATA,262,FLA,7,95.000000,85.000000,casa,263,BOT,2026-08-30 16:00:00,25,6.745526,6.738224,6.741875,0.500000,0.500000
123795,Lucho Rodríguez,ATA,283,CRU,6,10.000000,10.000000,fora,267,VAS,2026-08-29 21:20:00,25,8.063783,4.645038,6.354411,0.500000,0.500000
110759,John Kennedy,ATA,266,FLU,5,10.000000,10.000000,fora,293,CAP,2026-08-30 11:00:00,25,7.394477,4.135697,5.765087,0.500000,0.500000
90302,Pedro Rocha,ATA,294,CFC,7,95.000000,85.000000,fora,364,REM,2026-08-31 20:00:00,25,6.944113,4.479844,5.711979,0.500000,0.500000
114208,Alejo Véliz,ATA,265,BAH,7,95.000000,85.000000,casa,285,INT,2026-08-30 19:30:00,25,7.117062,4.184699,5.650880,0.500000,0.500000
90285,Bruno Henrique,ATA,262,FLA,3,10.000000,10.000000,casa,263,BOT,2026-08-30 16:00:00,25,5.991289,5.280031,5.635660,0.500000,0.500000
132264,Arroyo,ATA,283,CRU,6,10.000000,10.000000,fora,267,VAS,2026-08-29 21:20:00,25,5.767069,5.413272,5.590171,0.500000,0.500000
92811,Bruno Rodrigues,ATA,283,CRU,5,10.000000,10.000000,fora,267,VAS,2026-08-29 21:20:00,25,6.499872,4.512292,5.506082,0.500000,0.500000
82627,Luiz Araújo,ATA,262,FLA,6,10.000000,10.000000,casa,263,BOT,2026-08-30 16:00:00,25,4.863806,5.985490,5.424648,0.500000,0.500000
107989,Carbonero,ATA,285,INT,7,95.000000,85.000000,fora,265,BAH,2026-08-30 19:30:00,25,5.394901,5.410220,5.402560,0.500000,0.500000
99818,Paulinho,ATA,275,PAL,5,10.000000,10.000000,fora,2305,MIR,2026-08-30 18:30:00,25,6.206874,4.512879,5.359877,0.500000,0.500000
127871,Vargas,ATA,293,CAP,2,10.000000,10.000000,casa,266,FLU,2026-08-30 11:00:00,25,5.957744,4.729848,5.343796,0.500000,0.500000
112863,Ramón Sosa,ATA,275,PAL,5,10.000000,10.000000,fora,2305,MIR,2026-08-30 18:30:00,25,4.167793,6.380334,5.274064,0.500000,0.500000
141595,Gabriel Mec,ATA,284,GRE,2,10.000000,10.000000,casa,315,CHA,2026-08-30 18:30:00,25,5.499679,4.637543,5.068611,0.500000,0.500000
88293,Neto Pessoa,ATA,315,CHA,6,10.000000,10.000000,fora,284,GRE,2026-08-30 18:30:00,25,6.013537,4.059552,5.036545,0.500000,0.500000
122121,Túlio Eduardo,ATA,315,CHA,7,95.000000,85.000000,fora,284,GRE,2026-08-30 18:30:00,25,6.240946,3.815104,5.028025,0.500000,0.500000
91908,Pavón,ATA,284,GRE,7,95.000000,85.000000,casa,315,CHA,2026-08-30 18:30:00,25,4.534541,5.352205,4.943373,0.500000,0.500000
109096,Plata,ATA,262,FLA,6,10.000000,10.000000,casa,263,BOT,2026-08-30 16:00:00,25,4.124771,5.600428,4.862600,0.500000,0.500000
117909,Wesley,ATA,283,CRU,6,10.000000,10.000000,fora,267,VAS,2026-08-29 21:20:00,25,4.918864,4.708921,4.813893,0.500000,0.500000
116706,Andrés Gómez,ATA,267,VAS,7,95.000000,85.000000,casa,283,CRU,2026-08-29 21:20:00,25,5.383188,4.233505,4.808347,0.500000,0.500000
93478,Wanderson,ATA,283,CRU,6,10.000000,10.000000,fora,267,VAS,2026-08-29 21:20:00,25,5.299468,4.289956,4.794712,0.500000,0.500000
114802,Vitor Roque,ATA,275,PAL,7,95.000000,85.000000,fora,2305,MIR,2026-08-30 18:30:00,25,4.936487,4.569501,4.752994,0.500000,0.500000
114323,Colidio,ATA,267,VAS,7,95.000000,85.000000,casa,283,CRU,2026-08-29 21:20:00,25,5.546279,3.837605,4.691942,0.500000,0.500000
109097,Jovane Cabral,ATA,284,GRE,2,10.000000,10.000000,casa,315,CHA,2026-08-30 18:30:00,25,3.614135,5.449090,4.531613,0.500000,0.500000
83257,Gabriel,ATA,277,SAN,7,95.000000,85.000000,fora,264,COR,2026-08-30 16:00:00,25,4.864141,4.152194,4.508168,0.500000,0.500000
114801,Danilo Pereira,ATA,263,BOT,7,95.000000,85.000000,fora,262,FLA,2026-08-30 16:00:00,25,3.871569,4.713609,4.292589,0.500000,0.500000
101314,Ademir,ATA,265,BAH,6,10.000000,10.000000,casa,285,INT,2026-08-30 19:30:00,25,2.521794,5.971671,4.246732,0.500000,0.500000
87258,Soteldo,ATA,266,FLU,7,95.000000,85.000000,fora,293,CAP,2026-08-30 11:00:00,25,4.431237,4.015108,4.223172,0.500000,0.500000
80287,Luciano,ATA,276,SAO,7,95.000000,85.000000,casa,280,RBB,2026-08-29 20:00:00,25,3.715699,4.669933,4.192816,0.500000,0.500000
141339,Paulo Roberto,ATA,294,CFC,6,10.000000,10.000000,fora,364,REM,2026-08-31 20:00:00,25,4.214522,4.165348,4.189935,0.500000,0.500000
102928,Canobbio,ATA,266,FLU,7,95.000000,85.000000,fora,293,CAP,2026-08-30 11:00:00,25,4.213409,4.159468,4.186439,0.500000,0.500000
98384,Negueba,ATA,2305,MIR,5,10.000000,10.000000,casa,275,PAL,2026-08-30 18:30:00,25,2.252774,6.068362,4.160568,0.500000,0.500000
95332,Marcinho,ATA,315,CHA,7,95.000000,85.000000,fora,284,GRE,2026-08-30 18:30:00,25,4.210940,4.067268,4.139104,0.500000,0.500000
79631,Cano,ATA,266,FLU,6,10.000000,10.000000,fora,293,CAP,2026-08-30 11:00:00,25,5.101278,3.073949,4.087614,0.500000,0.500000
118844,Kaio César,ATA,264,COR,7,95.000000,85.000000,casa,277,SAN,2026-08-30 16:00:00,25,3.585472,4.553512,4.069492,0.500000,0.500000
92171,Arthur Cabral,ATA,263,BOT,7,95.000000,85.000000,fora,262,FLA,2026-08-30 16:00:00,25,2.893529,5.198889,4.046209,0.500000,0.500000
103445,Kaio Jorge,ATA,283,CRU,6,10.000000,10.000000,fora,267,VAS,2026-08-29 21:20:00,25,4.130682,3.809522,3.970102,0.500000,0.500000
94034,Kevin Ramírez,ATA,315,CHA,6,10.000000,10.000000,fora,284,GRE,2026-08-30 18:30:00,25,4.037442,3.891362,3.964402,0.500000,0.500000
105089,Tetê,ATA,284,GRE,6,10.000000,10.000000,casa,315,CHA,2026-08-30 18:30:00,25,2.566591,5.338612,3.952601,0.500000,0.500000
106199,Gabriel Pec,ATA,283,CRU,5,10.000000,10.000000,fora,267,VAS,2026-08-29 21:20:00,25,2.996711,4.831943,3.914327,0.500000,0.500000
112886,Lucas Barbosa,ATA,280,RBB,7,95.000000,85.000000,fora,276,SAO,2026-08-29 20:00:00,25,3.241727,4.559823,3.900775,0.500000,0.500000
105563,Carlos Vinícius,ATA,284,GRE,2,10.000000,10.000000,casa,315,CHA,2026-08-30 18:30:00,25,3.512523,4.209380,3.860952,0.500000,0.500000
90031,Mendoza,ATA,293,CAP,7,95.000000,85.000000,casa,266,FLU,2026-08-30 11:00:00,25,2.592769,5.113902,3.853336,0.500000,0.500000
98225,Pedro Raul,ATA,264,COR,7,95.000000,85.000000,casa,277,SAN,2026-08-30 16:00:00,25,4.691561,3.013739,3.852650,0.500000,0.500000
123648,Lucas Ronier,ATA,294,CFC,5,10.000000,10.000000,fora,364,REM,2026-08-31 20:00:00,25,3.998951,3.705769,3.852360,0.500000,0.500000
78117,Everaldo,ATA,265,BAH,6,10.000000,10.000000,casa,285,INT,2026-08-30 19:30:00,25,4.013782,3.689028,3.851405,0.500000,0.500000
140906,Davi Gomes,ATA,280,RBB,5,10.000000,10.000000,fora,276,SAO,2026-08-29 20:00:00,25,3.987517,3.685506,3.836512,0.500000,0.500000
109401,Erick Pulga,ATA,265,BAH,7,95.000000,85.000000,casa,285,INT,2026-08-30 19:30:00,25,3.623478,3.959511,3.791494,0.500000,0.500000
93988,Breno Lopes,ATA,294,CFC,7,95.000000,85.000000,fora,364,REM,2026-08-31 20:00:00,25,3.750341,3.766024,3.758183,0.500000,0.500000
117930,Lavega,ATA,294,CFC,7,95.000000,85.000000,fora,364,REM,2026-08-31 20:00:00,25,3.854354,3.586413,3.720384,0.500000,0.500000
104204,Edson Carioca,ATA,2305,MIR,5,10.000000,10.000000,casa,275,PAL,2026-08-30 18:30:00,25,2.533594,4.677975,3.605784,0.500000,0.500000
101254,Alef Manga,ATA,364,REM,6,10.000000,10.000000,casa,294,CFC,2026-08-31 20:00:00,25,2.044467,5.115752,3.580109,0.500000,0.500000
114405,Sinisterra,ATA,283,CRU,5,10.000000,10.000000,fora,267,VAS,2026-08-29 21:20:00,25,2.139534,5.003296,3.571415,0.500000,0.500000
114040,Minda,ATA,282,CAM,7,95.000000,85.000000,casa,287,VIT,2026-08-29 18:30:00,25,3.566167,3.520522,3.543345,0.500000,0.500000
95362,Cassierra,ATA,282,CAM,6,10.000000,10.000000,casa,287,VIT,2026-08-29 18:30:00,25,3.209342,3.824562,3.516952,0.500000,0.500000
123101,Leozinho,ATA,293,CAP,2,10.000000,10.000000,casa,266,FLU,2026-08-30 11:00:00,25,2.695774,4.290568,3.493171,0.500000,0.500000
97321,Alesson,ATA,2305,MIR,7,95.000000,85.000000,casa,275,PAL,2026-08-30 18:30:00,25,2.456124,4.513600,3.484862,0.500000,0.500000
101960,Vitinho,ATA,285,INT,7,95.000000,85.000000,fora,265,BAH,2026-08-30 19:30:00,25,2.564594,4.363953,3.464274,0.500000,0.500000
143153,Tarzia,ATA,287,VIT,2,10.000000,10.000000,fora,282,CAM,2026-08-29 18:30:00,25,2.524319,4.375437,3.449878,0.500000,0.500000
95131,Gabriel Taliari,ATA,364,REM,7,95.000000,85.000000,casa,294,CFC,2026-08-31 20:00:00,25,4.119475,2.749104,3.434290,0.500000,0.500000
108946,Victor Sá,ATA,276,SAO,6,10.000000,10.000000,casa,280,RBB,2026-08-29 20:00:00,25,3.810365,3.009335,3.409850,0.500000,0.500000
90917,Carlos Eduardo,ATA,2305,MIR,6,10.000000,10.000000,casa,275,PAL,2026-08-30 18:30:00,25,2.262742,4.452996,3.357869,0.500000,0.500000
142004,Amuzu,ATA,284,GRE,7,95.000000,85.000000,casa,315,CHA,2026-08-30 18:30:00,25,2.487753,4.226405,3.357079,0.500000,0.500000
110144,Spinelli,ATA,267,VAS,6,10.000000,10.000000,casa,283,CRU,2026-08-29 21:20:00,25,2.336002,4.248808,3.292405,0.500000,0.500000
131967,Villarreal,ATA,283,CRU,7,95.000000,85.000000,fora,267,VAS,2026-08-29 21:20:00,25,2.102410,4.297253,3.199832,0.500000,0.500000
130209,Renê,ATA,287,VIT,2,10.000000,10.000000,fora,282,CAM,2026-08-29 18:30:00,25,2.662807,3.538783,3.100795,0.500000,0.500000
91130,Fernandinho,ATA,2305,MIR,6,10.000000,10.000000,casa,275,PAL,2026-08-30 18:30:00,25,2.519891,3.675867,3.097879,0.500000,0.500000
111831,Matheus Martins,ATA,263,BOT,6,10.000000,10.000000,fora,262,FLA,2026-08-30 16:00:00,25,2.306744,3.845478,3.076111,0.500000,0.500000
97810,Erick,ATA,287,VIT,7,95.000000,85.000000,fora,282,CAM,2026-08-29 18:30:00,25,2.058431,4.068431,3.063431,0.500000,0.500000
89840,Calleri,ATA,276,SAO,6,10.000000,10.000000,casa,280,RBB,2026-08-29 20:00:00,25,2.070935,4.038137,3.054536,0.500000,0.500000
124424,Rodrigo Castillo,ATA,266,FLU,6,10.000000,10.000000,fora,293,CAP,2026-08-30 11:00:00,25,2.046128,3.998382,3.022255,0.500000,0.500000
108133,Isidro Pitta,ATA,280,RBB,7,95.000000,85.000000,fora,276,SAO,2026-08-29 20:00:00,25,2.755130,3.276435,3.015783,0.500000,0.500000
113397,Cristian Olivera,ATA,265,BAH,7,95.000000,85.000000,casa,285,INT,2026-08-30 19:30:00,25,1.512031,4.513874,3.012953,0.500000,0.500000
123738,Herrera,ATA,280,RBB,7,95.000000,85.000000,fora,276,SAO,2026-08-29 20:00:00,25,2.159256,3.830337,2.994796,0.500000,0.500000
147883,João Vitor,ATA,267,VAS,6,10.000000,10.000000,casa,283,CRU,2026-08-29 21:20:00,25,2.701945,3.285003,2.993474,0.500000,0.500000
86292,Bolasie,ATA,315,CHA,5,10.000000,10.000000,fora,284,GRE,2026-08-30 18:30:00,25,2.476398,3.473901,2.975150,0.500000,0.500000
103967,Bruno Santos,ATA,2305,MIR,7,95.000000,85.000000,casa,275,PAL,2026-08-30 18:30:00,25,2.054348,3.890377,2.972362,0.500000,0.500000
101290,Ferreira,ATA,276,SAO,6,10.000000,10.000000,casa,280,RBB,2026-08-29 20:00:00,25,2.432380,3.487403,2.959892,0.500000,0.500000
145379,Kauê Furquim,ATA,265,BAH,6,10.000000,10.000000,casa,285,INT,2026-08-30 19:30:00,25,1.533670,4.314040,2.923855,0.500000,0.500000
68920,Dudu,ATA,282,CAM,7,95.000000,85.000000,casa,287,VIT,2026-08-29 18:30:00,25,1.200878,4.543888,2.872383,0.500000,0.500000
92696,Renato Kayzer,ATA,287,VIT,2,10.000000,10.000000,fora,282,CAM,2026-08-29 18:30:00,25,1.684695,4.051892,2.868293,0.500000,0.500000
117314,Thiago Borbas,ATA,282,CAM,2,10.000000,10.000000,casa,287,VIT,2026-08-29 18:30:00,25,1.849032,3.844824,2.846928,0.500000,0.500000
132580,Vinicinho,ATA,280,RBB,7,95.000000,85.000000,fora,276,SAO,2026-08-29 20:00:00,25,2.559312,3.113912,2.836612,0.500000,0.500000
91607,R. Rústico,ATA,277,SAN,6,10.000000,10.000000,fora,264,COR,2026-08-30 16:00:00,25,1.813061,3.857251,2.835156,0.500000,0.500000
124239,Henry Mosquera,ATA,280,RBB,6,10.000000,10.000000,fora,276,SAO,2026-08-29 20:00:00,25,2.062020,3.598737,2.830378,0.500000,0.500000
147089,Cauã Soares,ATA,282,CAM,6,10.000000,10.000000,casa,287,VIT,2026-08-29 18:30:00,25,1.097510,4.478869,2.788189,0.500000,0.500000
99789,Brenner,ATA,267,VAS,5,10.000000,10.000000,casa,283,CRU,2026-08-29 21:20:00,25,2.225032,3.298420,2.761726,0.500000,0.500000
140484,Riquelme Felipe,ATA,266,FLU,6,10.000000,10.000000,fora,293,CAP,2026-08-30 11:00:00,25,2.804488,2.610006,2.707247,0.500000,0.500000
101002,Júnior Santos,ATA,263,BOT,6,10.000000,10.000000,fora,262,FLA,2026-08-30 16:00:00,25,2.243105,3.064608,2.653857,0.500000,0.500000
136955,Sanabria,ATA,265,BAH,6,10.000000,10.000000,casa,285,INT,2026-08-30 19:30:00,25,1.365746,3.925623,2.645684,0.500000,0.500000
68996,Willian José,ATA,265,BAH,6,10.000000,10.000000,casa,285,INT,2026-08-30 19:30:00,25,1.392896,3.883901,2.638399,0.500000,0.500000
108131,Garcez,ATA,315,CHA,7,95.000000,85.000000,fora,284,GRE,2026-08-30 18:30:00,25,2.359037,2.878283,2.618660,0.500000,0.500000
146375,Kadir,ATA,263,BOT,6,10.000000,10.000000,fora,262,FLA,2026-08-30 16:00:00,25,2.063573,3.161905,2.612739,0.500000,0.500000
95799,Artur,ATA,276,SAO,7,95.000000,85.000000,casa,280,RBB,2026-08-29 20:00:00,25,1.695146,3.417692,2.556419,0.500000,0.500000
85048,Memphis Depay,ATA,264,COR,7,95.000000,85.000000,casa,277,SAN,2026-08-30 16:00:00,25,2.054491,2.846700,2.450596,0.500000,0.500000
142086,Kauan Toledo,ATA,263,BOT,6,10.000000,10.000000,fora,262,FLA,2026-08-30 16:00:00,25,2.201061,2.694860,2.447960,0.500000,0.500000
101715,Alerrandro,ATA,285,INT,6,10.000000,10.000000,fora,265,BAH,2026-08-30 19:30:00,25,1.391018,3.498225,2.444621,0.500000,0.500000
86757,Everton,ATA,262,FLA,6,10.000000,10.000000,casa,263,BOT,2026-08-30 16:00:00,25,1.556697,3.331515,2.444106,0.500000,0.500000
78435,Vitinho,ATA,264,COR,5,10.000000,10.000000,casa,277,SAN,2026-08-30 16:00:00,25,2.146574,2.603809,2.375191,0.500000,0.500000
106104,Enamorado,ATA,284,GRE,2,10.000000,10.000000,casa,315,CHA,2026-08-30 18:30:00,25,1.762281,2.965835,2.364058,0.500000,0.500000
130121,João Costa,ATA,283,CRU,7,95.000000,85.000000,fora,267,VAS,2026-08-29 21:20:00,25,1.543398,3.137856,2.340627,0.500000,0.500000
147560,Caio Suassuna,ATA,265,BAH,6,10.000000,10.000000,casa,285,INT,2026-08-30 19:30:00,25,1.777716,2.874873,2.326294,0.500000,0.500000
122781,Caballero,ATA,277,SAN,6,10.000000,10.000000,fora,264,COR,2026-08-30 16:00:00,25,2.628713,1.973123,2.300918,0.500000,0.500000
149994,Jhuan Nunes,ATA,280,RBB,6,10.000000,10.000000,fora,276,SAO,2026-08-29 20:00:00,25,1.748042,2.779918,2.263980,0.500000,0.500000
117403,Renato Marques,ATA,294,CFC,6,10.000000,10.000000,fora,364,REM,2026-08-31 20:00:00,25,1.981635,2.524447,2.253041,0.500000,0.500000
141406,Andrey Fernandes,ATA,267,VAS,6,10.000000,10.000000,casa,283,CRU,2026-08-29 21:20:00,25,2.363219,2.066200,2.214709,0.500000,0.500000
97450,Gustavo Mosquito,ATA,2305,MIR,6,10.000000,10.000000,casa,275,PAL,2026-08-30 18:30:00,25,1.497659,2.930440,2.214050,0.500000,0.500000
142764,Franco Rossi,ATA,315,CHA,6,10.000000,10.000000,fora,284,GRE,2026-08-30 18:30:00,25,1.519483,2.795586,2.157535,0.500000,0.500000
68952,Marinho,ATA,287,VIT,6,10.000000,10.000000,fora,282,CAM,2026-08-29 18:30:00,25,1.151106,3.157104,2.154105,0.500000,0.500000
133690,Bruno Lopes,ATA,267,VAS,6,10.000000,10.000000,casa,283,CRU,2026-08-29 21:20:00,25,2.231877,2.066200,2.149039,0.500000,0.500000
147268,Anderson Pato,ATA,287,VIT,5,10.000000,10.000000,fora,282,CAM,2026-08-29 18:30:00,25,1.303000,2.973142,2.138071,0.500000,0.500000
121824,Kayke,ATA,264,COR,5,10.000000,10.000000,casa,277,SAN,2026-08-30 16:00:00,25,2.103810,2.172068,2.137939,0.500000,0.500000
81720,Lingard,ATA,264,COR,6,10.000000,10.000000,casa,277,SAN,2026-08-30 16:00:00,25,1.492268,2.722302,2.107285,0.500000,0.500000
111829,Kayky,ATA,285,INT,5,10.000000,10.000000,fora,265,BAH,2026-08-30 19:30:00,25,1.645656,2.545217,2.095437,0.500000,0.500000
42222,Osvaldo,ATA,287,VIT,6,10.000000,10.000000,fora,282,CAM,2026-08-29 18:30:00,25,1.315242,2.851011,2.083127,0.500000,0.500000
104134,Fabri,ATA,287,VIT,6,10.000000,10.000000,fora,282,CAM,2026-08-29 18:30:00,25,1.151377,2.996676,2.074027,0.500000,0.500000
151412,Kássio,ATA,315,CHA,6,10.000000,10.000000,fora,284,GRE,2026-08-30 18:30:00,25,1.680097,2.467408,2.073752,0.500000,0.500000
89368,Braithwaite,ATA,284,GRE,2,10.000000,10.000000,casa,315,CHA,2026-08-30 18:30:00,25,1.396597,2.746103,2.071350,0.500000,0.500000
142265,Dell,ATA,265,BAH,6,10.000000,10.000000,casa,285,INT,2026-08-30 19:30:00,25,0.944909,3.163102,2.054005,0.500000,0.500000
110598,Marino Hinestroza,ATA,267,VAS,6,10.000000,10.000000,casa,283,CRU,2026-08-29 21:20:00,25,1.326000,2.717787,2.021894,0.500000,0.500000
113158,Marquinhos,ATA,283,CRU,6,10.000000,10.000000,fora,267,VAS,2026-08-29 21:20:00,25,1.001385,3.023804,2.012595,0.500000,0.500000
142877,Villalba,ATA,263,BOT,6,10.000000,10.000000,fora,262,FLA,2026-08-30 16:00:00,25,1.497610,2.429852,1.963731,0.500000,0.500000
84042,Tiquinho Soares,ATA,263,BOT,6,10.000000,10.000000,fora,262,FLA,2026-08-30 16:00:00,25,1.732194,2.177555,1.954874,0.500000,0.500000
90309,David,ATA,267,VAS,2,10.000000,10.000000,casa,283,CRU,2026-08-29 21:20:00,25,1.156196,2.730165,1.943181,0.500000,0.500000
107516,Ênio,ATA,315,CHA,6,10.000000,10.000000,fora,284,GRE,2026-08-30 18:30:00,25,1.624791,2.241955,1.933373,0.500000,0.500000
141382,Gustavo Santana,ATA,276,SAO,7,95.000000,85.000000,casa,280,RBB,2026-08-29 20:00:00,25,1.515173,2.324700,1.919937,0.500000,0.500000
130608,Riquelme Fillipi,ATA,275,PAL,6,10.000000,10.000000,fora,2305,MIR,2026-08-30 18:30:00,25,1.713344,2.103652,1.908498,0.500000,0.500000
141609,Lucca,ATA,276,SAO,6,10.000000,10.000000,casa,280,RBB,2026-08-29 20:00:00,25,1.064285,2.734493,1.899389,0.500000,0.500000
151404,Lucas Emanuel,ATA,263,BOT,6,10.000000,10.000000,fora,262,FLA,2026-08-30 16:00:00,25,2.155450,1.605178,1.880314,0.500000,0.500000
90608,Chico da Costa,ATA,283,CRU,6,10.000000,10.000000,fora,267,VAS,2026-08-29 21:20:00,25,0.785307,2.935711,1.860509,0.500000,0.500000
102877,Gabriel Poveda,ATA,364,REM,6,10.000000,10.000000,casa,294,CFC,2026-08-31 20:00:00,25,1.475861,2.233508,1.854685,0.500000,0.500000
131617,André Silva,ATA,276,SAO,6,10.000000,10.000000,casa,280,RBB,2026-08-29 20:00:00,25,0.836342,2.851954,1.844148,0.500000,0.500000
137542,Kaique Kenji,ATA,283,CRU,7,95.000000,85.000000,fora,267,VAS,2026-08-29 21:20:00,25,0.641022,2.978354,1.809688,0.500000,0.500000
70360,Eduardo Sasha,ATA,280,RBB,6,10.000000,10.000000,fora,276,SAO,2026-08-29 20:00:00,25,1.020901,2.545104,1.783003,0.500000,0.500000
129663,Ruan Pablo,ATA,265,BAH,6,10.000000,10.000000,casa,285,INT,2026-08-30 19:30:00,25,0.832479,2.689218,1.760849,0.500000,0.500000
107700,Eduardo Melo,ATA,364,REM,6,10.000000,10.000000,casa,294,CFC,2026-08-31 20:00:00,25,1.553773,1.925474,1.739623,0.500000,0.500000
147202,João Bezerra,ATA,285,INT,6,10.000000,10.000000,fora,265,BAH,2026-08-30 19:30:00,25,1.545394,1.913336,1.729365,0.500000,0.500000
140542,Ryan Francisco,ATA,276,SAO,6,10.000000,10.000000,casa,280,RBB,2026-08-29 20:00:00,25,0.736328,2.718591,1.727459,0.500000,0.500000
148717,Tetê,ATA,276,SAO,6,10.000000,10.000000,casa,280,RBB,2026-08-29 20:00:00,25,0.704888,2.742957,1.723922,0.500000,0.500000
97911,Lucas Silva,ATA,287,VIT,6,10.000000,10.000000,fora,282,CAM,2026-08-29 18:30:00,25,0.615835,2.801855,1.708845,0.500000,0.500000
108713,Galeano,ATA,364,REM,7,95.000000,85.000000,casa,294,CFC,2026-08-31 20:00:00,25,1.352950,1.980909,1.666929,0.500000,0.500000
146624,Heittor,ATA,275,PAL,6,10.000000,10.000000,fora,2305,MIR,2026-08-30 18:30:00,25,1.271944,2.011429,1.641686,0.500000,0.500000
133543,Gui Negão,ATA,264,COR,6,10.000000,10.000000,casa,277,SAN,2026-08-30 16:00:00,25,1.510362,1.759199,1.634780,0.500000,0.500000
81005,André Luis,ATA,2305,MIR,6,10.000000,10.000000,casa,275,PAL,2026-08-30 18:30:00,25,1.119006,2.025062,1.572034,0.500000,0.500000
143488,Raykkonen,ATA,285,INT,6,10.000000,10.000000,fora,265,BAH,2026-08-30 19:30:00,25,1.118802,1.992197,1.555500,0.500000,0.500000
105518,Renan Peixoto,ATA,293,CAP,6,10.000000,10.000000,casa,266,FLU,2026-08-30 11:00:00,25,0.989933,2.025144,1.507539,0.500000,0.500000
103626,Ocampo,ATA,294,CFC,5,10.000000,10.000000,fora,364,REM,2026-08-31 20:00:00,25,1.307208,1.410647,1.358927,0.500000,0.500000
141991,Tico,ATA,364,REM,6,10.000000,10.000000,casa,294,CFC,2026-08-31 20:00:00,25,0.994411,1.632204,1.313307,0.500000,0.500000
133673,Mateus Xavier,ATA,277,SAN,6,10.000000,10.000000,fora,264,COR,2026-08-30 16:00:00,25,1.346543,1.140976,1.243759,0.500000,0.500000
122439,Isaac,ATA,293,CAP,6,10.000000,10.000000,casa,266,FLU,2026-08-30 11:00:00,25,1.061219,1.387876,1.224548,0.500000,0.500000
101237,Eliasson,ATA,285,INT,6,10.000000,10.000000,fora,265,BAH,2026-08-30 19:30:00,25,0.961596,1.456480,1.209038,0.500000,0.500000
151120,Jorge Rivaldo,ATA,293,CAP,6,10.000000,10.000000,casa,266,FLU,2026-08-30 11:00:00,25,0.917816,1.483967,1.200891,0.500000,0.500000
104666,Moisés,ATA,277,SAN,6,10.000000,10.000000,fora,264,COR,2026-08-30 16:00:00,25,1.172624,1.216370,1.194497,0.500000,0.500000
122573,Wallace Yan,ATA,262,FLA,6,10.000000,10.000000,casa,263,BOT,2026-08-30 16:00:00,25,0.645075,1.646186,1.145631,0.500000,0.500000
116066,Rubens,ATA,315,CHA,6,10.000000,10.000000,fora,284,GRE,2026-08-30 18:30:00,25,0.747494,1.481626,1.114560,0.500000,0.500000
142867,Robinho Jr.,ATA,277,SAN,6,10.000000,10.000000,fora,264,COR,2026-08-30 16:00:00,25,1.012030,1.187124,1.099577,0.500000,0.500000
118775,Lautaro Díaz,ATA,277,SAN,6,10.000000,10.000000,fora,264,COR,2026-08-30 16:00:00,25,1.312945,0.856335,1.084640,0.500000,0.500000
86485,Keno,ATA,294,CFC,6,10.000000,10.000000,fora,364,REM,2026-08-31 20:00:00,25,0.933055,1.078478,1.005767,0.500000,0.500000
143463,Wesley Natã,ATA,266,FLU,6,10.000000,10.000000,fora,293,CAP,2026-08-30 11:00:00,25,0.948967,1.012098,0.980533,0.500000,0.500000
145036,Fernando Pradella,ATA,277,SAN,6,10.000000,10.000000,fora,264,COR,2026-08-30 16:00:00,25,0.961596,0.734714,0.848155,0.500000,0.500000
149991,David,ATA,294,CFC,6,10.000000,10.000000,fora,364,REM,2026-08-31 20:00:00,25,0.961596,0.701069,0.831333,0.500000,0.500000
93371,Rodrigo Rodrigues,ATA,294,CFC,6,10.000000,10.000000,fora,364,REM,2026-08-31 20:00:00,25,0.794061,0.847103,0.820582,0.500000,0.500000
101729,Fabinho,ATA,294,CFC,6,10.000000,10.000000,fora,364,REM,2026-08-31 20:00:00,25,0.790244,0.537674,0.663959,0.500000,0.500000
117404,Otávio,GOL,283,CRU,7,95.000000,85.000000,fora,267,VAS,2026-08-29 21:20:00,25,4.898242,5.267659,5.082951,0.500000,0.500000
104084,Carlos Miguel,GOL,275,PAL,7,95.000000,85.000000,fora,2305,MIR,2026-08-30 18:30:00,25,6.050717,3.989286,5.020001,0.500000,0.500000
105949,Rochet,GOL,285,INT,5,10.000000,10.000000,fora,265,BAH,2026-08-30 19:30:00,25,5.223578,4.710746,4.967162,0.500000,0.500000
87008,Léo Jardim,GOL,267,VAS,7,95.000000,85.000000,casa,283,CRU,2026-08-29 21:20:00,25,4.895543,4.450170,4.672856,0.500000,0.500000
72018,Tiago Volpi,GOL,280,RBB,7,95.000000,85.000000,fora,276,SAO,2026-08-29 20:00:00,25,4.446285,4.728696,4.587491,0.500000,0.500000
37656,Fábio,GOL,266,FLU,7,95.000000,85.000000,fora,293,CAP,2026-08-30 11:00:00,25,5.087724,4.077169,4.582447,0.500000,0.500000
97905,Matheus Aurélio,GOL,315,CHA,6,10.000000,10.000000,fora,284,GRE,2026-08-30 18:30:00,25,4.213102,4.887243,4.550172,0.500000,0.500000
102906,Anderson,GOL,315,CHA,7,95.000000,85.000000,fora,284,GRE,2026-08-30 18:30:00,25,4.559667,4.275564,4.417616,0.500000,0.500000
111683,Anthoni,GOL,285,INT,6,10.000000,10.000000,fora,265,BAH,2026-08-30 19:30:00,25,4.674793,4.071084,4.372939,0.500000,0.500000
68822,Rafael Santos,GOL,315,CHA,6,10.000000,10.000000,fora,284,GRE,2026-08-30 18:30:00,25,4.405182,4.337108,4.371145,0.500000,0.500000
72294,Everson,GOL,282,CAM,5,10.000000,10.000000,casa,287,VIT,2026-08-29 18:30:00,25,3.342780,5.326312,4.334546,0.500000,0.500000
71043,Léo Vieira,GOL,265,BAH,5,10.000000,10.000000,casa,285,INT,2026-08-30 19:30:00,25,3.759720,4.856854,4.308287,0.500000,0.500000
103056,Gabriel Brazão,GOL,277,SAN,7,95.000000,85.000000,fora,264,COR,2026-08-30 16:00:00,25,4.473439,4.060991,4.267215,0.500000,0.500000
68928,Rafael,GOL,276,SAO,7,95.000000,85.000000,casa,280,RBB,2026-08-29 20:00:00,25,4.616160,3.825849,4.221005,0.500000,0.500000
110708,Pedro Rangel,GOL,294,CFC,6,10.000000,10.000000,fora,364,REM,2026-08-31 20:00:00,25,4.452773,3.882135,4.167454,0.500000,0.500000
98333,Gabriel Batista,GOL,263,BOT,7,95.000000,85.000000,fora,262,FLA,2026-08-30 16:00:00,25,3.275505,4.972280,4.123892,0.500000,0.500000
111690,Matheus Cunha,GOL,285,INT,7,95.000000,85.000000,fora,265,BAH,2026-08-30 19:30:00,25,3.368361,4.833626,4.100994,0.500000,0.500000
51413,Walter,GOL,2305,MIR,7,95.000000,85.000000,casa,275,PAL,2026-08-30 18:30:00,25,4.406764,3.629757,4.018260,0.500000,0.500000
91204,Warleson,GOL,263,BOT,6,10.000000,10.000000,fora,262,FLA,2026-08-30 16:00:00,25,3.417462,4.368102,3.892782,0.500000,0.500000
91101,Ronaldo,GOL,265,BAH,7,95.000000,85.000000,casa,285,INT,2026-08-30 19:30:00,25,3.228823,4.517411,3.873117,0.500000,0.500000
71631,Weverton,GOL,284,GRE,7,95.000000,85.000000,casa,315,CHA,2026-08-30 18:30:00,25,4.756081,2.891983,3.824032,0.500000,0.500000
69012,Santos,GOL,293,CAP,7,95.000000,85.000000,casa,266,FLU,2026-08-30 11:00:00,25,4.112577,3.404879,3.758728,0.500000,0.500000
42234,Cássio,GOL,283,CRU,6,10.000000,10.000000,fora,267,VAS,2026-08-29 21:20:00,25,3.184791,4.303088,3.743940,0.500000,0.500000
113690,Diógenes,GOL,277,SAN,6,10.000000,10.000000,fora,264,COR,2026-08-30 16:00:00,25,4.057952,3.394985,3.726468,0.500000,0.500000
125803,Pedro Morisco,GOL,294,CFC,7,95.000000,85.000000,fora,364,REM,2026-08-31 20:00:00,25,3.567442,3.740153,3.653797,0.500000,0.500000
121823,Kauê,GOL,264,COR,6,10.000000,10.000000,casa,277,SAN,2026-08-30 16:00:00,25,3.444690,3.785603,3.615146,0.500000,0.500000
93882,Cleiton,GOL,280,RBB,6,10.000000,10.000000,fora,276,SAO,2026-08-29 20:00:00,25,3.404204,3.677488,3.540846,0.500000,0.500000
85425,João Paulo,GOL,277,SAN,6,10.000000,10.000000,fora,264,COR,2026-08-30 16:00:00,25,3.169786,3.564239,3.367013,0.500000,0.500000
99552,Rossi,GOL,262,FLA,7,95.000000,85.000000,casa,263,BOT,2026-08-30 16:00:00,25,3.531887,3.035232,3.283559,0.500000,0.500000
101574,Hugo Souza,GOL,264,COR,7,95.000000,85.000000,casa,277,SAN,2026-08-30 16:00:00,25,2.579837,3.828761,3.204299,0.500000,0.500000
72279,Thomazella,GOL,2305,MIR,6,10.000000,10.000000,casa,275,PAL,2026-08-30 18:30:00,25,2.832731,3.498382,3.165557,0.500000,0.500000
110698,Mycael,GOL,293,CAP,6,10.000000,10.000000,casa,266,FLU,2026-08-30 11:00:00,25,2.545065,3.757803,3.151434,0.500000,0.500000
82730,Marcelo Rangel,GOL,364,REM,7,95.000000,85.000000,casa,294,CFC,2026-08-31 20:00:00,25,3.676434,2.625970,3.151202,0.500000,0.500000
104118,Lucas Arcanjo,GOL,287,VIT,7,95.000000,85.000000,fora,282,CAM,2026-08-29 18:30:00,25,2.997783,2.937152,2.967468,0.500000,0.500000
112616,Gabriel Grando,GOL,284,GRE,6,10.000000,10.000000,casa,315,CHA,2026-08-30 18:30:00,25,2.870969,2.924140,2.897555,0.500000,0.500000
147544,Gabriel Menegon,GOL,284,GRE,6,10.000000,10.000000,casa,315,CHA,2026-08-30 18:30:00,25,2.754322,2.928357,2.841340,0.500000,0.500000
68872,Marcelo Lomba,GOL,275,PAL,6,10.000000,10.000000,fora,2305,MIR,2026-08-30 18:30:00,25,2.395867,2.575091,2.485479,0.500000,0.500000
88136,Ivan,GOL,364,REM,6,10.000000,10.000000,casa,294,CFC,2026-08-31 20:00:00,25,2.558734,2.216697,2.387715,0.500000,0.500000
116067,Thiago Beltrame,GOL,284,GRE,6,10.000000,10.000000,casa,315,CHA,2026-08-30 18:30:00,25,1.068194,3.182223,2.125208,0.500000,0.500000
78850,Reinaldo,LAT,2305,MIR,7,95.000000,85.000000,casa,275,PAL,2026-08-30 18:30:00,25,7.914224,5.738501,6.826363,0.500000,0.500000
101727,Matheuzinho,LAT,264,COR,7,95.000000,85.000000,casa,277,SAN,2026-08-30 16:00:00,25,7.264228,6.304333,6.784280,0.500000,0.500000
96591,Renan Lodi,LAT,282,CAM,6,10.000000,10.000000,casa,287,VIT,2026-08-29 18:30:00,25,6.909615,6.112034,6.510824,0.500000,0.500000
131516,JP Chermont,LAT,294,CFC,7,95.000000,85.000000,fora,364,REM,2026-08-31 20:00:00,25,7.272582,5.290224,6.281403,0.500000,0.500000
98720,Angileri,LAT,264,COR,6,10.000000,10.000000,casa,277,SAN,2026-08-30 16:00:00,25,7.104552,4.983931,6.044241,0.500000,0.500000
72493,Alex Telles,LAT,263,BOT,7,95.000000,85.000000,fora,262,FLA,2026-08-30 16:00:00,25,6.708470,5.306761,6.007616,0.500000,0.500000
42500,Fagner,LAT,283,CRU,6,10.000000,10.000000,fora,267,VAS,2026-08-29 21:20:00,25,7.007146,4.838276,5.922711,0.500000,0.500000
88393,Ayrton Lucas,LAT,262,FLA,7,95.000000,85.000000,casa,263,BOT,2026-08-30 16:00:00,25,6.257887,5.380658,5.819273,0.500000,0.500000
143600,Kauã Moraes,LAT,283,CRU,6,10.000000,10.000000,fora,267,VAS,2026-08-29 21:20:00,25,6.312325,5.004120,5.658223,0.500000,0.500000
106302,Preciado,LAT,282,CAM,2,10.000000,10.000000,casa,287,VIT,2026-08-29 18:30:00,25,5.206558,6.083928,5.645243,0.500000,0.500000
90061,Bruno Pacheco,LAT,315,CHA,7,95.000000,85.000000,fora,284,GRE,2026-08-30 18:30:00,25,5.967832,5.227074,5.597453,0.500000,0.500000
97899,Matheus Bahia,LAT,285,INT,7,95.000000,85.000000,fora,265,BAH,2026-08-30 19:30:00,25,5.748999,5.427291,5.588145,0.500000,0.500000
105531,Matheus Bidu,LAT,264,COR,7,95.000000,85.000000,casa,277,SAN,2026-08-30 16:00:00,25,5.117637,5.749923,5.433780,0.500000,0.500000
110426,Bernabei,LAT,285,INT,7,95.000000,85.000000,fora,265,BAH,2026-08-30 19:30:00,25,5.294001,5.566157,5.430079,0.500000,0.500000
102130,Piquerez,LAT,275,PAL,6,10.000000,10.000000,fora,2305,MIR,2026-08-30 18:30:00,25,6.483290,4.367622,5.425456,0.500000,0.500000
78445,Renê,LAT,266,FLU,7,95.000000,85.000000,fora,293,CAP,2026-08-30 11:00:00,25,5.312002,5.487380,5.399691,0.500000,0.500000
110668,Esquivel,LAT,293,CAP,5,10.000000,10.000000,casa,266,FLU,2026-08-30 11:00:00,25,5.167541,5.622127,5.394834,0.500000,0.500000
80313,Gilberto,LAT,293,CAP,6,10.000000,10.000000,casa,266,FLU,2026-08-30 11:00:00,25,5.164724,5.545186,5.354955,0.500000,0.500000
116065,Cuiabano,LAT,267,VAS,7,95.000000,85.000000,casa,283,CRU,2026-08-29 21:20:00,25,5.801717,4.720065,5.260891,0.500000,0.500000
97795,Marcelinho,LAT,364,REM,7,95.000000,85.000000,casa,294,CFC,2026-08-31 20:00:00,25,5.771447,4.733404,5.252426,0.500000,0.500000
102975,Escobar,LAT,277,SAN,7,95.000000,85.000000,fora,264,COR,2026-08-30 16:00:00,25,5.047559,5.420901,5.234230,0.500000,0.500000
106708,Igor Formiga,LAT,2305,MIR,7,95.000000,85.000000,casa,275,PAL,2026-08-30 18:30:00,25,4.737128,5.590607,5.163867,0.500000,0.500000
107093,Luciano Juba,LAT,265,BAH,7,95.000000,85.000000,casa,285,INT,2026-08-30 19:30:00,25,4.681600,5.620303,5.150952,0.500000,0.500000
107554,Natanael,LAT,282,CAM,2,10.000000,10.000000,casa,287,VIT,2026-08-29 18:30:00,25,4.068379,6.170818,5.119599,0.500000,0.500000
113113,Benavídez,LAT,293,CAP,7,95.000000,85.000000,casa,266,FLU,2026-08-30 11:00:00,25,4.451027,5.651278,5.051153,0.500000,0.500000
132412,Román Gómez,LAT,265,BAH,7,95.000000,85.000000,casa,285,INT,2026-08-30 19:30:00,25,4.733190,5.295570,5.014380,0.500000,0.500000
95466,Igor Vinícius,LAT,277,SAN,7,95.000000,85.000000,fora,264,COR,2026-08-30 16:00:00,25,4.535313,5.471947,5.003630,0.500000,0.500000
147192,Claudinho,LAT,293,CAP,5,10.000000,10.000000,casa,266,FLU,2026-08-30 11:00:00,25,4.074656,5.819832,4.947244,0.500000,0.500000
105213,Sant'Anna,LAT,280,RBB,7,95.000000,85.000000,fora,276,SAO,2026-08-29 20:00:00,25,5.486943,4.206585,4.846764,0.500000,0.500000
147090,Kauã Pascini,LAT,282,CAM,7,95.000000,85.000000,casa,287,VIT,2026-08-29 18:30:00,25,3.586473,6.077192,4.831833,0.500000,0.500000
101820,Mayk,LAT,364,REM,5,10.000000,10.000000,casa,294,CFC,2026-08-31 20:00:00,25,5.121787,4.285947,4.703867,0.500000,0.500000
124526,Giay,LAT,275,PAL,7,95.000000,85.000000,fora,2305,MIR,2026-08-30 18:30:00,25,4.340594,5.057533,4.699063,0.500000,0.500000
105584,Lucas Piton,LAT,267,VAS,6,10.000000,10.000000,casa,283,CRU,2026-08-29 21:20:00,25,4.172523,5.038722,4.605623,0.500000,0.500000
110510,Aguirre,LAT,285,INT,7,95.000000,85.000000,fora,265,BAH,2026-08-30 19:30:00,25,4.330982,4.851967,4.591475,0.500000,0.500000
94968,Juninho Capixaba,LAT,280,RBB,7,95.000000,85.000000,fora,276,SAO,2026-08-29 20:00:00,25,4.721194,4.386795,4.553994,0.500000,0.500000
104649,Heitor,LAT,315,CHA,2,10.000000,10.000000,fora,284,GRE,2026-08-30 18:30:00,25,3.737085,5.366541,4.551813,0.500000,0.500000
73318,Daniel Borges,LAT,2305,MIR,6,10.000000,10.000000,casa,275,PAL,2026-08-30 18:30:00,25,4.238160,4.769176,4.503668,0.500000,0.500000
113157,Nathan Mendes,LAT,287,VIT,5,10.000000,10.000000,fora,282,CAM,2026-08-29 18:30:00,25,3.671699,5.274335,4.473017,0.500000,0.500000
101708,Felipe Jonatan,LAT,294,CFC,6,10.000000,10.000000,fora,364,REM,2026-08-31 20:00:00,25,2.887642,6.015158,4.451400,0.500000,0.500000
104758,Enzo Díaz,LAT,276,SAO,6,10.000000,10.000000,casa,280,RBB,2026-08-29 20:00:00,25,4.875424,4.006801,4.441113,0.500000,0.500000
89275,William,LAT,283,CRU,7,95.000000,85.000000,fora,267,VAS,2026-08-29 21:20:00,25,3.879547,4.962747,4.421147,0.500000,0.500000
123717,Zé Guilherme,LAT,265,BAH,6,10.000000,10.000000,casa,285,INT,2026-08-30 19:30:00,25,3.588887,5.203905,4.396396,0.500000,0.500000
111832,Jefté,LAT,275,PAL,5,10.000000,10.000000,fora,2305,MIR,2026-08-30 18:30:00,25,4.342273,4.433513,4.387893,0.500000,0.500000
84339,Bruno Melo,LAT,294,CFC,7,95.000000,85.000000,fora,364,REM,2026-08-31 20:00:00,25,3.615857,5.157270,4.386563,0.500000,0.500000
100898,Vitinho,LAT,263,BOT,7,95.000000,85.000000,fora,262,FLA,2026-08-30 16:00:00,25,3.755583,5.007868,4.381726,0.500000,0.500000
87228,Guilherme Arana,LAT,266,FLU,6,10.000000,10.000000,fora,293,CAP,2026-08-30 11:00:00,25,3.157517,5.555028,4.356273,0.500000,0.500000
96870,Emerson Royal,LAT,262,FLA,7,95.000000,85.000000,casa,263,BOT,2026-08-30 16:00:00,25,4.021808,4.569863,4.295836,0.500000,0.500000
73384,Samuel Xavier,LAT,266,FLU,5,10.000000,10.000000,fora,293,CAP,2026-08-30 11:00:00,25,3.708135,4.856364,4.282249,0.500000,0.500000
141337,Lucas Taverna,LAT,294,CFC,6,10.000000,10.000000,fora,364,REM,2026-08-31 20:00:00,25,2.660905,5.860470,4.260688,0.500000,0.500000
130232,Caio Roque,LAT,263,BOT,6,10.000000,10.000000,fora,262,FLA,2026-08-30 16:00:00,25,4.596729,3.911197,4.253963,0.500000,0.500000
99213,Puma Rodríguez,LAT,267,VAS,6,10.000000,10.000000,casa,283,CRU,2026-08-29 21:20:00,25,4.153009,4.305174,4.229092,0.500000,0.500000
82628,Tinga,LAT,294,CFC,5,10.000000,10.000000,fora,364,REM,2026-08-31 20:00:00,25,3.422164,5.019270,4.220717,0.500000,0.500000
84816,Varela,LAT,262,FLA,6,10.000000,10.000000,casa,263,BOT,2026-08-30 16:00:00,25,3.671167,4.756299,4.213733,0.500000,0.500000
123689,Milans,LAT,264,COR,6,10.000000,10.000000,casa,277,SAN,2026-08-30 16:00:00,25,3.456508,4.922786,4.189647,0.500000,0.500000
101597,Ramon,LAT,287,VIT,7,95.000000,85.000000,fora,282,CAM,2026-08-29 18:30:00,25,3.858916,4.494159,4.176538,0.500000,0.500000
120433,Léo Derik,LAT,293,CAP,6,10.000000,10.000000,casa,266,FLU,2026-08-30 11:00:00,25,3.642358,4.609504,4.125931,0.500000,0.500000
82775,Lucas Ramon,LAT,276,SAO,7,95.000000,85.000000,casa,280,RBB,2026-08-29 20:00:00,25,4.017882,4.160365,4.089124,0.500000,0.500000
146374,Gilberto Junior,LAT,293,CAP,6,10.000000,10.000000,casa,266,FLU,2026-08-30 11:00:00,25,3.534297,4.600472,4.067385,0.500000,0.500000
106950,Fernando,LAT,315,CHA,6,10.000000,10.000000,fora,284,GRE,2026-08-30 18:30:00,25,3.108729,5.022520,4.065624,0.500000,0.500000
104470,Everton,LAT,315,CHA,6,10.000000,10.000000,fora,284,GRE,2026-08-30 18:30:00,25,2.936411,5.167266,4.051839,0.500000,0.500000
97868,Iago,LAT,276,SAO,2,10.000000,10.000000,casa,280,RBB,2026-08-29 20:00:00,25,3.650134,4.446447,4.048290,0.500000,0.500000
61987,Alex Sandro,LAT,262,FLA,6,10.000000,10.000000,casa,263,BOT,2026-08-30 16:00:00,25,3.315832,4.764036,4.039934,0.500000,0.500000
97101,Gabriel Rojas,LAT,283,CRU,7,95.000000,85.000000,fora,267,VAS,2026-08-29 21:20:00,25,3.112629,4.958634,4.035632,0.500000,0.500000
80570,Wendell,LAT,276,SAO,2,10.000000,10.000000,casa,280,RBB,2026-08-29 20:00:00,25,4.045652,4.004307,4.024980,0.500000,0.500000
104257,João Lucas,LAT,364,REM,6,10.000000,10.000000,casa,294,CFC,2026-08-31 20:00:00,25,3.795248,4.148383,3.971816,0.500000,0.500000
145404,Arthur,LAT,275,PAL,7,95.000000,85.000000,fora,2305,MIR,2026-08-30 18:30:00,25,3.504137,4.386726,3.945432,0.500000,0.500000
145400,Cauê,LAT,280,RBB,6,10.000000,10.000000,fora,276,SAO,2026-08-29 20:00:00,25,3.301013,4.468343,3.884678,0.500000,0.500000
141611,Maik,LAT,276,SAO,6,10.000000,10.000000,casa,280,RBB,2026-08-29 20:00:00,25,3.456278,4.274541,3.865409,0.500000,0.500000
145659,Nicolas,LAT,276,SAO,6,10.000000,10.000000,casa,280,RBB,2026-08-29 20:00:00,25,3.112648,4.569670,3.841159,0.500000,0.500000
111879,Mateus Silva,LAT,287,VIT,6,10.000000,10.000000,fora,282,CAM,2026-08-29 18:30:00,25,3.245070,4.433394,3.839232,0.500000,0.500000
97468,Marçal,LAT,263,BOT,6,10.000000,10.000000,fora,262,FLA,2026-08-30 16:00:00,25,3.618208,4.012595,3.815401,0.500000,0.500000
145660,Luiz Felipe,LAT,285,INT,6,10.000000,10.000000,fora,265,BAH,2026-08-30 19:30:00,25,2.653553,4.895158,3.774356,0.500000,0.500000
141405,Avellar,LAT,267,VAS,6,10.000000,10.000000,casa,283,CRU,2026-08-29 21:20:00,25,3.894033,3.591247,3.742640,0.500000,0.500000
93716,Paulo Henrique,LAT,267,VAS,7,95.000000,85.000000,casa,283,CRU,2026-08-29 21:20:00,25,3.851925,3.599883,3.725904,0.500000,0.500000
116461,Jamerson,LAT,287,VIT,6,10.000000,10.000000,fora,282,CAM,2026-08-29 18:30:00,25,3.104251,4.337794,3.721022,0.500000,0.500000
99034,Elias,LAT,2305,MIR,6,10.000000,10.000000,casa,275,PAL,2026-08-30 18:30:00,25,3.356560,4.008601,3.682580,0.500000,0.500000
122670,Diego Caito,LAT,284,GRE,6,10.000000,10.000000,casa,315,CHA,2026-08-30 18:30:00,25,3.803457,3.556292,3.679874,0.500000,0.500000
124481,Mateo Ponte,LAT,263,BOT,6,10.000000,10.000000,fora,262,FLA,2026-08-30 16:00:00,25,3.094342,4.215217,3.654779,0.500000,0.500000
148125,Ryan Augusto,LAT,280,RBB,6,10.000000,10.000000,fora,276,SAO,2026-08-29 20:00:00,25,3.167315,4.109484,3.638400,0.500000,0.500000
105175,Khellven,LAT,275,PAL,6,10.000000,10.000000,fora,2305,MIR,2026-08-30 18:30:00,25,3.070061,4.186009,3.628035,0.500000,0.500000
110715,Andrés Hurtado,LAT,280,RBB,6,10.000000,10.000000,fora,276,SAO,2026-08-29 20:00:00,25,3.145835,4.089847,3.617841,0.500000,0.500000
107236,Vanderlan,LAT,280,RBB,6,10.000000,10.000000,fora,276,SAO,2026-08-29 20:00:00,25,2.383161,4.852113,3.617637,0.500000,0.500000
91706,Marlon,LAT,284,GRE,2,10.000000,10.000000,casa,315,CHA,2026-08-30 18:30:00,25,3.510648,3.718357,3.614502,0.500000,0.500000
101319,Guga,LAT,266,FLU,7,95.000000,85.000000,fora,293,CAP,2026-08-30 11:00:00,25,3.514593,3.699629,3.607111,0.500000,0.500000
93637,Bruno Tubarão,LAT,315,CHA,2,10.000000,10.000000,fora,284,GRE,2026-08-30 18:30:00,25,3.718234,3.473962,3.596098,0.500000,0.500000
77656,Cédric Soares,LAT,276,SAO,6,10.000000,10.000000,casa,280,RBB,2026-08-29 20:00:00,25,3.181684,3.729916,3.455800,0.500000,0.500000
86410,Victor Luis,LAT,2305,MIR,6,10.000000,10.000000,casa,275,PAL,2026-08-30 18:30:00,25,3.191169,3.683237,3.437203,0.500000,0.500000
141868,Vini Lira,LAT,277,SAN,5,10.000000,10.000000,fora,264,COR,2026-08-30 16:00:00,25,2.929859,3.891190,3.410525,0.500000,0.500000
141594,Pedro Gabriel,LAT,284,GRE,2,10.000000,10.000000,casa,315,CHA,2026-08-30 18:30:00,25,3.524918,3.292335,3.408627,0.500000,0.500000
91626,Paulinho,LAT,263,BOT,5,10.000000,10.000000,fora,262,FLA,2026-08-30 16:00:00,25,2.383161,4.396369,3.389765,0.500000,0.500000
86864,Marlon,LAT,364,REM,7,95.000000,85.000000,casa,294,CFC,2026-08-31 20:00:00,25,3.528431,3.195512,3.361971,0.500000,0.500000
131964,Jhoan Hernández,LAT,263,BOT,6,10.000000,10.000000,fora,262,FLA,2026-08-30 16:00:00,25,2.468635,4.138385,3.303510,0.500000,0.500000
89273,João Pedro,LAT,284,GRE,6,10.000000,10.000000,casa,315,CHA,2026-08-30 18:30:00,25,3.092693,3.505629,3.299161,0.500000,0.500000
124358,João Almeida,LAT,294,CFC,6,10.000000,10.000000,fora,364,REM,2026-08-31 20:00:00,25,2.468635,4.097845,3.283240,0.500000,0.500000
103347,Matheus Alexandre,LAT,364,REM,6,10.000000,10.000000,casa,294,CFC,2026-08-31 20:00:00,25,3.181578,3.369814,3.275696,0.500000,0.500000
102318,Caio Paulista,LAT,284,GRE,6,10.000000,10.000000,casa,315,CHA,2026-08-30 18:30:00,25,3.440704,3.108720,3.274712,0.500000,0.500000
127932,Júlio Fidelis,LAT,266,FLU,6,10.000000,10.000000,fora,293,CAP,2026-08-30 11:00:00,25,2.383161,4.114633,3.248897,0.500000,0.500000
63013,Marcos Rocha,LAT,284,GRE,6,10.000000,10.000000,casa,315,CHA,2026-08-30 18:30:00,25,3.147264,3.221816,3.184540,0.500000,0.500000
149715,Rafael Gonzaga,LAT,277,SAN,6,10.000000,10.000000,fora,264,COR,2026-08-30 16:00:00,25,2.928559,3.424024,3.176291,0.500000,0.500000
150959,Davizinho,LAT,277,SAN,6,10.000000,10.000000,fora,264,COR,2026-08-30 16:00:00,25,2.489119,3.845125,3.167122,0.500000,0.500000
148092,Vitor Ramon,LAT,284,GRE,6,10.000000,10.000000,casa,315,CHA,2026-08-30 18:30:00,25,3.015351,3.184774,3.100063,0.500000,0.500000
100848,Luan Cândido,LAT,287,VIT,7,95.000000,85.000000,fora,282,CAM,2026-08-29 18:30:00,25,2.160182,3.795747,2.977965,0.500000,0.500000
142868,Johnny,LAT,262,FLA,6,10.000000,10.000000,casa,263,BOT,2026-08-30 16:00:00,25,2.838831,2.686861,2.762846,0.500000,0.500000
141763,Fabiano Souza,LAT,287,VIT,6,10.000000,10.000000,fora,282,CAM,2026-08-29 18:30:00,25,2.063468,3.211518,2.637493,0.500000,0.500000
105436,Carrascal,MEI,262,FLA,2,10.000000,10.000000,casa,263,BOT,2026-08-30 16:00:00,25,13.149700,7.077016,10.113358,0.500000,0.500000
63007,Neymar,MEI,277,SAN,7,95.000000,85.000000,fora,264,COR,2026-08-30 16:00:00,25,13.557179,6.591029,10.074104,0.500000,0.500000
68938,Giovanni Augusto,MEI,315,CHA,7,95.000000,85.000000,fora,284,GRE,2026-08-30 18:30:00,25,10.097716,7.319695,8.708705,0.500000,0.500000
126471,Barreal,MEI,277,SAN,7,95.000000,85.000000,fora,264,COR,2026-08-30 16:00:00,25,9.941241,7.374276,8.657758,0.500000,0.500000
115025,Miguelito,MEI,277,SAN,6,10.000000,10.000000,fora,264,COR,2026-08-30 16:00:00,25,10.164905,5.800066,7.982485,0.500000,0.500000
87747,Yago Felipe,MEI,315,CHA,7,95.000000,85.000000,fora,284,GRE,2026-08-30 18:30:00,25,8.953177,5.660339,7.306758,0.500000,0.500000
128431,João Cruz,MEI,293,CAP,7,95.000000,85.000000,casa,266,FLU,2026-08-30 11:00:00,25,9.092229,4.954977,7.023603,0.500000,0.500000
96610,Matheus Pereira,MEI,283,CRU,6,10.000000,10.000000,fora,267,VAS,2026-08-29 21:20:00,25,5.367113,8.053281,6.710197,0.500000,0.500000
141776,Gustavo Henrique,MEI,277,SAN,6,10.000000,10.000000,fora,264,COR,2026-08-30 16:00:00,25,8.592965,4.651486,6.622226,0.500000,0.500000
105647,Maurício,MEI,275,PAL,7,95.000000,85.000000,fora,2305,MIR,2026-08-30 18:30:00,25,6.485306,6.634340,6.559823,0.500000,0.500000
80129,Jadson,MEI,293,CAP,7,95.000000,85.000000,casa,266,FLU,2026-08-30 11:00:00,25,8.249403,4.810908,6.530155,0.500000,0.500000
104783,Acevedo,MEI,265,BAH,7,95.000000,85.000000,casa,285,INT,2026-08-30 19:30:00,25,8.139417,4.257615,6.198516,0.500000,0.500000
98517,Jean Lucas,MEI,265,BAH,3,10.000000,10.000000,casa,285,INT,2026-08-30 19:30:00,25,6.799587,4.752643,5.776115,0.500000,0.500000
141451,Allan,MEI,275,PAL,6,10.000000,10.000000,fora,2305,MIR,2026-08-30 18:30:00,25,6.186119,5.270559,5.728339,0.500000,0.500000
84558,Lucas Romero,MEI,283,CRU,6,10.000000,10.000000,fora,267,VAS,2026-08-29 21:20:00,25,4.803900,6.458699,5.631300,0.500000,0.500000
117632,Garro,MEI,264,COR,7,95.000000,85.000000,casa,277,SAN,2026-08-30 16:00:00,25,6.695294,4.442500,5.568897,0.500000,0.500000
99815,Arias,MEI,275,PAL,5,10.000000,10.000000,fora,2305,MIR,2026-08-30 18:30:00,25,4.654512,6.268411,5.461462,0.500000,0.500000
109336,Rafael Carvalheira,MEI,315,CHA,5,10.000000,10.000000,fora,284,GRE,2026-08-30 18:30:00,25,6.235742,4.568380,5.402061,0.500000,0.500000
100084,Igor Gomes,MEI,282,CAM,5,10.000000,10.000000,casa,287,VIT,2026-08-29 18:30:00,25,4.806901,5.874977,5.340939,0.500000,0.500000
87999,Gustavo Scarpa,MEI,282,CAM,6,10.000000,10.000000,casa,287,VIT,2026-08-29 18:30:00,25,5.841817,4.692764,5.267290,0.500000,0.500000
105068,Reinier,MEI,282,CAM,2,10.000000,10.000000,casa,287,VIT,2026-08-29 18:30:00,25,4.051118,6.371846,5.211482,0.500000,0.500000
91473,Erick Pulgar,MEI,262,FLA,7,95.000000,85.000000,casa,263,BOT,2026-08-30 16:00:00,25,5.802486,4.528308,5.165397,0.500000,0.500000
78478,Willian Arão,MEI,277,SAN,7,95.000000,85.000000,fora,264,COR,2026-08-30 16:00:00,25,6.001766,4.171313,5.086540,0.500000,0.500000
105214,Santi Rodríguez,MEI,263,BOT,6,10.000000,10.000000,fora,262,FLA,2026-08-30 16:00:00,25,6.239202,3.870189,5.054696,0.500000,0.500000
87863,Arrascaeta,MEI,262,FLA,7,95.000000,85.000000,casa,263,BOT,2026-08-30 16:00:00,25,5.397760,4.629400,5.013580,0.500000,0.500000
94930,Lucas Paquetá,MEI,262,FLA,2,10.000000,10.000000,casa,263,BOT,2026-08-30 16:00:00,25,4.668458,5.310599,4.989529,0.500000,0.500000
103767,Gabriel Menino,MEI,277,SAN,5,10.000000,10.000000,fora,264,COR,2026-08-30 16:00:00,25,5.452290,4.446636,4.949463,0.500000,0.500000
122321,Lorran,MEI,262,FLA,6,10.000000,10.000000,casa,263,BOT,2026-08-30 16:00:00,25,5.681003,3.927825,4.804414,0.500000,0.500000
96652,Allan,MEI,264,COR,6,10.000000,10.000000,casa,277,SAN,2026-08-30 16:00:00,25,6.010431,3.573125,4.791778,0.500000,0.500000
95556,Raniele,MEI,264,COR,7,95.000000,85.000000,casa,277,SAN,2026-08-30 16:00:00,25,5.715421,3.691792,4.703606,0.500000,0.500000
106822,Rodrigo Nestor,MEI,265,BAH,7,95.000000,85.000000,casa,285,INT,2026-08-30 19:30:00,25,3.773189,5.444867,4.609028,0.500000,0.500000
107256,Zé Vitor,MEI,287,VIT,7,95.000000,85.000000,fora,282,CAM,2026-08-29 18:30:00,25,5.691655,3.333489,4.512572,0.500000,0.500000
68708,Eduardo,MEI,2305,MIR,7,95.000000,85.000000,casa,275,PAL,2026-08-30 18:30:00,25,5.645967,3.353718,4.499842,0.500000,0.500000
98022,Erick,MEI,265,BAH,7,95.000000,85.000000,casa,285,INT,2026-08-30 19:30:00,25,4.792103,4.174603,4.483353,0.500000,0.500000
106202,Bruno Gomes,MEI,285,INT,3,10.000000,10.000000,fora,265,BAH,2026-08-30 19:30:00,25,5.682912,3.252786,4.467849,0.500000,0.500000
84626,Josué,MEI,294,CFC,7,95.000000,85.000000,fora,364,REM,2026-08-31 20:00:00,25,4.175120,4.566242,4.370681,0.500000,0.500000
89256,Gerson,MEI,283,CRU,6,10.000000,10.000000,fora,267,VAS,2026-08-29 21:20:00,25,4.079285,4.587368,4.333326,0.500000,0.500000
100742,Matheus Henrique,MEI,283,CRU,7,95.000000,85.000000,fora,267,VAS,2026-08-29 21:20:00,25,3.898100,4.670270,4.284185,0.500000,0.500000
118563,Rodriguinho,MEI,280,RBB,7,95.000000,85.000000,fora,276,SAO,2026-08-29 20:00:00,25,4.799058,3.606037,4.202548,0.500000,0.500000
109573,Martinelli,MEI,266,FLU,7,95.000000,85.000000,fora,293,CAP,2026-08-30 11:00:00,25,4.949266,3.440587,4.194926,0.500000,0.500000
116034,Victor Hugo,MEI,282,CAM,7,95.000000,85.000000,casa,287,VIT,2026-08-29 18:30:00,25,3.821867,4.507187,4.164527,0.500000,0.500000
62977,Ganso,MEI,266,FLU,7,95.000000,85.000000,fora,293,CAP,2026-08-30 11:00:00,25,4.372347,3.880769,4.126558,0.500000,0.500000
90703,Matheuzinho,MEI,287,VIT,2,10.000000,10.000000,fora,282,CAM,2026-08-29 18:30:00,25,4.909788,3.152523,4.031156,0.500000,0.500000
111682,Adson,MEI,267,VAS,2,10.000000,10.000000,casa,283,CRU,2026-08-29 21:20:00,25,4.689597,3.266252,3.977924,0.500000,0.500000
70592,Felipe Anderson,MEI,275,PAL,7,95.000000,85.000000,fora,2305,MIR,2026-08-30 18:30:00,25,3.284037,4.581381,3.932709,0.500000,0.500000
94067,Matheus Fernandes,MEI,280,RBB,6,10.000000,10.000000,fora,276,SAO,2026-08-29 20:00:00,25,4.350391,3.485969,3.918180,0.500000,0.500000
87552,Vitor Bueno,MEI,364,REM,7,95.000000,85.000000,casa,294,CFC,2026-08-31 20:00:00,25,4.720902,3.114227,3.917564,0.500000,0.500000
145744,André,MEI,264,COR,5,10.000000,10.000000,casa,277,SAN,2026-08-30 16:00:00,25,3.779850,3.712414,3.746132,0.500000,0.500000
102911,Zé Ricardo,MEI,364,REM,7,95.000000,85.000000,casa,294,CFC,2026-08-31 20:00:00,25,4.029850,3.436318,3.733084,0.500000,0.500000
141754,Gabriel Bontempo,MEI,277,SAN,7,95.000000,85.000000,fora,264,COR,2026-08-30 16:00:00,25,3.390761,4.036973,3.713867,0.500000,0.500000
72460,Bernard,MEI,282,CAM,6,10.000000,10.000000,casa,287,VIT,2026-08-29 18:30:00,25,3.284369,4.141618,3.712993,0.500000,0.500000
102255,Santiago Sosa,MEI,267,VAS,7,95.000000,85.000000,casa,283,CRU,2026-08-29 21:20:00,25,3.802408,3.489178,3.645793,0.500000,0.500000
142484,Barrera,MEI,263,BOT,5,10.000000,10.000000,fora,262,FLA,2026-08-30 16:00:00,25,4.144130,3.066875,3.605502,0.500000,0.500000
113359,Pablo Maia,MEI,276,SAO,2,10.000000,10.000000,casa,280,RBB,2026-08-29 20:00:00,25,3.530374,3.678733,3.604554,0.500000,0.500000
107173,Michel Araújo,MEI,265,BAH,6,10.000000,10.000000,casa,285,INT,2026-08-30 19:30:00,25,2.707463,4.480076,3.593769,0.500000,0.500000
71123,Thiago Mendes,MEI,267,VAS,7,95.000000,85.000000,casa,283,CRU,2026-08-29 21:20:00,25,3.429064,3.657479,3.543272,0.500000,0.500000
104330,Dudu,MEI,287,VIT,5,10.000000,10.000000,fora,282,CAM,2026-08-29 18:30:00,25,4.007395,2.999909,3.503652,0.500000,0.500000
103388,Emmanuel Martínez,MEI,287,VIT,7,95.000000,85.000000,fora,282,CAM,2026-08-29 18:30:00,25,3.291938,3.637378,3.464658,0.500000,0.500000
86686,Tchê Tchê,MEI,267,VAS,7,95.000000,85.000000,casa,283,CRU,2026-08-29 21:20:00,25,3.168687,3.720790,3.444738,0.500000,0.500000
86859,José Welison,MEI,364,REM,7,95.000000,85.000000,casa,294,CFC,2026-08-31 20:00:00,25,3.597893,3.236595,3.417244,0.500000,0.500000
89274,Andreas Pereira,MEI,275,PAL,7,95.000000,85.000000,fora,2305,MIR,2026-08-30 18:30:00,25,3.466233,3.296717,3.381475,0.500000,0.500000
107231,Danilo,MEI,263,BOT,7,95.000000,85.000000,fora,262,FLA,2026-08-30 16:00:00,25,3.961055,2.788496,3.374776,0.500000,0.500000
122485,Barros,MEI,267,VAS,6,10.000000,10.000000,casa,283,CRU,2026-08-29 21:20:00,25,2.993984,3.530352,3.262168,0.500000,0.500000
104811,Sebastián Gómez,MEI,294,CFC,7,95.000000,85.000000,fora,364,REM,2026-08-31 20:00:00,25,3.505056,2.985560,3.245308,0.500000,0.500000
99440,Baralhas,MEI,287,VIT,5,10.000000,10.000000,fora,282,CAM,2026-08-29 18:30:00,25,3.452273,2.999679,3.225976,0.500000,0.500000
104519,Camilo,MEI,315,CHA,3,10.000000,10.000000,fora,284,GRE,2026-08-30 18:30:00,25,3.217997,3.101587,3.159792,0.500000,0.500000
90588,Caíque,MEI,287,VIT,7,95.000000,85.000000,fora,282,CAM,2026-08-29 18:30:00,25,2.981795,3.337660,3.159727,0.500000,0.500000
51772,Everton Ribeiro,MEI,265,BAH,5,10.000000,10.000000,casa,285,INT,2026-08-30 19:30:00,25,2.411564,3.789057,3.100310,0.500000,0.500000
100596,Krovinovic,MEI,284,GRE,2,10.000000,10.000000,casa,315,CHA,2026-08-30 18:30:00,25,3.180240,2.988299,3.084270,0.500000,0.500000
109987,Medina,MEI,263,BOT,7,95.000000,85.000000,fora,262,FLA,2026-08-30 16:00:00,25,3.361488,2.767973,3.064730,0.500000,0.500000
112017,Felipinho,MEI,293,CAP,6,10.000000,10.000000,casa,266,FLU,2026-08-30 11:00:00,25,2.803656,3.280010,3.041833,0.500000,0.500000
102256,Rollheiser,MEI,277,SAN,6,10.000000,10.000000,fora,264,COR,2026-08-30 16:00:00,25,2.854840,3.165797,3.010319,0.500000,0.500000
107873,Bobadilla,MEI,276,SAO,5,10.000000,10.000000,casa,280,RBB,2026-08-29 20:00:00,25,2.488081,3.512179,3.000130,0.500000,0.500000
99267,Pochettino,MEI,287,VIT,6,10.000000,10.000000,fora,282,CAM,2026-08-29 18:30:00,25,3.351345,2.646495,2.998920,0.500000,0.500000
123360,Cauly,MEI,276,SAO,6,10.000000,10.000000,casa,280,RBB,2026-08-29 20:00:00,25,2.759687,3.204995,2.982341,0.500000,0.500000
95541,Gustavo Cazonatti,MEI,2305,MIR,2,10.000000,10.000000,casa,275,PAL,2026-08-30 18:30:00,25,3.031981,2.795225,2.913603,0.500000,0.500000
106294,Marcos Antônio,MEI,276,SAO,7,95.000000,85.000000,casa,280,RBB,2026-08-29 20:00:00,25,1.858435,3.721158,2.789796,0.500000,0.500000
83433,Patrick,MEI,364,REM,6,10.000000,10.000000,casa,294,CFC,2026-08-31 20:00:00,25,2.278945,3.253946,2.766445,0.500000,0.500000
115986,Denilson,MEI,2305,MIR,2,10.000000,10.000000,casa,275,PAL,2026-08-30 18:30:00,25,2.461398,3.038995,2.750197,0.500000,0.500000
104036,Labyad,MEI,264,COR,5,10.000000,10.000000,casa,277,SAN,2026-08-30 16:00:00,25,2.346554,3.140666,2.743610,0.500000,0.500000
81091,Jair,MEI,267,VAS,5,10.000000,10.000000,casa,283,CRU,2026-08-29 21:20:00,25,2.471132,3.015339,2.743236,0.500000,0.500000
106843,Borrero,MEI,315,CHA,6,10.000000,10.000000,fora,284,GRE,2026-08-30 18:30:00,25,2.955592,2.497782,2.726687,0.500000,0.500000
130414,Robert,MEI,315,CHA,5,10.000000,10.000000,fora,284,GRE,2026-08-30 18:30:00,25,2.955592,2.497782,2.726687,0.500000,0.500000
112576,Vini Paulista,MEI,294,CFC,6,10.000000,10.000000,fora,364,REM,2026-08-31 20:00:00,25,2.019924,3.433278,2.726601,0.500000,0.500000
80196,Yago Pikachu,MEI,364,REM,6,10.000000,10.000000,casa,294,CFC,2026-08-31 20:00:00,25,2.412156,3.037076,2.724616,0.500000,0.500000
78605,Gabriel,MEI,280,RBB,6,10.000000,10.000000,fora,276,SAO,2026-08-29 20:00:00,25,2.326505,3.084170,2.705338,0.500000,0.500000
84735,Jorginho,MEI,262,FLA,7,95.000000,85.000000,casa,263,BOT,2026-08-30 16:00:00,25,2.240853,3.165555,2.703204,0.500000,0.500000
117910,Breno Bidon,MEI,264,COR,3,10.000000,10.000000,casa,277,SAN,2026-08-30 16:00:00,25,2.088740,3.253883,2.671311,0.500000,0.500000
122660,Japa,MEI,2305,MIR,6,10.000000,10.000000,casa,275,PAL,2026-08-30 18:30:00,25,1.784681,3.412570,2.598626,0.500000,0.500000
151292,Felipe Morais,MEI,283,CRU,6,10.000000,10.000000,fora,267,VAS,2026-08-29 21:20:00,25,2.728633,2.394521,2.561577,0.500000,0.500000
108683,Emiliano Martínez,MEI,275,PAL,6,10.000000,10.000000,fora,2305,MIR,2026-08-30 18:30:00,25,2.502385,2.617685,2.560035,0.500000,0.500000
71536,Luiz Gustavo,MEI,293,CAP,7,95.000000,85.000000,casa,266,FLU,2026-08-30 11:00:00,25,1.960175,3.055539,2.507857,0.500000,0.500000
113125,Picco,MEI,364,REM,7,95.000000,85.000000,casa,294,CFC,2026-08-31 20:00:00,25,1.410289,3.414101,2.412195,0.500000,0.500000
105903,Aldo Filho,MEI,2305,MIR,5,10.000000,10.000000,casa,275,PAL,2026-08-30 18:30:00,25,1.506689,3.298261,2.402475,0.500000,0.500000
77777,João Schmidt,MEI,277,SAN,3,10.000000,10.000000,fora,264,COR,2026-08-30 16:00:00,25,2.561220,2.223114,2.392167,0.500000,0.500000
147088,Cissé,MEI,282,CAM,7,95.000000,85.000000,casa,287,VIT,2026-08-29 18:30:00,25,1.487104,3.285374,2.386239,0.500000,0.500000
126189,Tomás Pérez,MEI,282,CAM,2,10.000000,10.000000,casa,287,VIT,2026-08-29 18:30:00,25,1.507687,3.210913,2.359300,0.500000,0.500000
77485,Carrillo,MEI,264,COR,7,95.000000,85.000000,casa,277,SAN,2026-08-30 16:00:00,25,2.061431,2.642110,2.351771,0.500000,0.500000
142279,Nuno Moreira,MEI,267,VAS,6,10.000000,10.000000,casa,283,CRU,2026-08-29 21:20:00,25,1.952977,2.739691,2.346334,0.500000,0.500000
98672,Savarino,MEI,266,FLU,6,10.000000,10.000000,fora,293,CAP,2026-08-30 11:00:00,25,1.928543,2.660945,2.294744,0.500000,0.500000
105157,Villagra,MEI,285,INT,7,95.000000,85.000000,fora,265,BAH,2026-08-30 19:30:00,25,2.493549,2.082692,2.288120,0.500000,0.500000
93790,Marlon Freitas,MEI,275,PAL,7,95.000000,85.000000,fora,2305,MIR,2026-08-30 18:30:00,25,1.451201,3.091649,2.271425,0.500000,0.500000
142890,Montoro,MEI,263,BOT,7,95.000000,85.000000,fora,262,FLA,2026-08-30 16:00:00,25,1.733812,2.755096,2.244454,0.500000,0.500000
97145,Villasanti,MEI,284,GRE,7,95.000000,85.000000,casa,315,CHA,2026-08-30 18:30:00,25,1.919988,2.491223,2.205606,0.500000,0.500000
122394,Gustavinho,MEI,280,RBB,6,10.000000,10.000000,fora,276,SAO,2026-08-29 20:00:00,25,1.811691,2.553447,2.182569,0.500000,0.500000
68685,Alan Patrick,MEI,285,INT,7,95.000000,85.000000,fora,265,BAH,2026-08-30 19:30:00,25,1.946137,2.389153,2.167645,0.500000,0.500000
69140,Allan,MEI,263,BOT,6,10.000000,10.000000,fora,262,FLA,2026-08-30 16:00:00,25,1.934256,2.362824,2.148540,0.500000,0.500000
116447,Hércules,MEI,266,FLU,3,10.000000,10.000000,fora,293,CAP,2026-08-30 11:00:00,25,1.483455,2.736581,2.110018,0.500000,0.500000
101405,Wallisson,MEI,2305,MIR,3,10.000000,10.000000,casa,275,PAL,2026-08-30 18:30:00,25,1.337074,2.826838,2.081956,0.500000,0.500000
87742,Neto Moura,MEI,2305,MIR,7,95.000000,85.000000,casa,275,PAL,2026-08-30 18:30:00,25,1.763699,2.304480,2.034089,0.500000,0.500000
132274,Ignacio Sosa,MEI,280,RBB,6,10.000000,10.000000,fora,276,SAO,2026-08-29 20:00:00,25,1.241439,2.818021,2.029730,0.500000,0.500000
128433,Johan Rojas,MEI,267,VAS,5,10.000000,10.000000,casa,283,CRU,2026-08-29 21:20:00,25,1.422074,2.609788,2.015931,0.500000,0.500000
88479,Walace,MEI,287,VIT,6,10.000000,10.000000,fora,282,CAM,2026-08-29 18:30:00,25,2.112431,1.906854,2.009642,0.500000,0.500000
94154,Maycon,MEI,282,CAM,6,10.000000,10.000000,casa,287,VIT,2026-08-29 18:30:00,25,1.005793,2.991867,1.998830,0.500000,0.500000
107203,Max,MEI,315,CHA,5,10.000000,10.000000,fora,284,GRE,2026-08-30 18:30:00,25,2.102350,1.853290,1.977820,0.500000,0.500000
63289,Edenílson,MEI,263,BOT,6,10.000000,10.000000,fora,262,FLA,2026-08-30 16:00:00,25,1.196026,2.705771,1.950899,0.500000,0.500000
141400,Huguinho,MEI,263,BOT,7,95.000000,85.000000,fora,262,FLA,2026-08-30 16:00:00,25,1.091750,2.785205,1.938478,0.500000,0.500000
85403,Danielzinho,MEI,276,SAO,7,95.000000,85.000000,casa,280,RBB,2026-08-29 20:00:00,25,1.007175,2.830369,1.918772,0.500000,0.500000
101352,Bruno Matias,MEI,315,CHA,7,95.000000,85.000000,fora,284,GRE,2026-08-30 18:30:00,25,1.461392,2.346810,1.904101,0.500000,0.500000
90370,Matheus Pereira,MEI,264,COR,6,10.000000,10.000000,casa,277,SAN,2026-08-30 16:00:00,25,1.003390,2.686066,1.844728,0.500000,0.500000
101807,Oliva,MEI,277,SAN,7,95.000000,85.000000,fora,264,COR,2026-08-30 16:00:00,25,1.065953,2.619182,1.842568,0.500000,0.500000
81845,Alisson,MEI,266,FLU,5,10.000000,10.000000,fora,293,CAP,2026-08-30 11:00:00,25,1.811295,1.853917,1.832606,0.500000,0.500000
110605,Vinícius Balieiro,MEI,315,CHA,6,10.000000,10.000000,fora,284,GRE,2026-08-30 18:30:00,25,1.481243,2.167789,1.824516,0.500000,0.500000
126120,Marcelinho,MEI,280,RBB,6,10.000000,10.000000,fora,276,SAO,2026-08-29 20:00:00,25,1.150973,2.492527,1.821750,0.500000,0.500000
104693,Newton,MEI,276,SAO,2,10.000000,10.000000,casa,280,RBB,2026-08-29 20:00:00,25,1.072693,2.557669,1.815181,0.500000,0.500000
108162,Nardoni,MEI,284,GRE,5,10.000000,10.000000,casa,315,CHA,2026-08-30 18:30:00,25,0.899167,2.688482,1.793825,0.500000,0.500000
130906,Riquelme,MEI,293,CAP,6,10.000000,10.000000,casa,266,FLU,2026-08-30 11:00:00,25,1.633946,1.940701,1.787324,0.500000,0.500000
109966,Monsalve,MEI,284,GRE,6,10.000000,10.000000,casa,315,CHA,2026-08-30 18:30:00,25,1.273644,2.260610,1.767127,0.500000,0.500000
150180,Ramon Rique,MEI,267,VAS,6,10.000000,10.000000,casa,283,CRU,2026-08-29 21:20:00,25,0.939586,2.558416,1.749001,0.500000,0.500000
127970,Felipe Chiqueti,MEI,293,CAP,6,10.000000,10.000000,casa,266,FLU,2026-08-30 11:00:00,25,1.389837,2.094899,1.742368,0.500000,0.500000
131832,Portilla,MEI,293,CAP,6,10.000000,10.000000,casa,266,FLU,2026-08-30 11:00:00,25,1.129466,2.337776,1.733621,0.500000,0.500000
39656,Alan Franco,MEI,282,CAM,6,10.000000,10.000000,casa,287,VIT,2026-08-29 18:30:00,25,0.605929,2.852466,1.729197,0.500000,0.500000
97520,Shaylon,MEI,2305,MIR,6,10.000000,10.000000,casa,275,PAL,2026-08-30 18:30:00,25,0.523825,2.934203,1.729014,0.500000,0.500000
70944,Bruno Henrique,MEI,285,INT,7,95.000000,85.000000,fora,265,BAH,2026-08-30 19:30:00,25,1.304688,2.149438,1.727063,0.500000,0.500000
79701,Lucas Silva,MEI,283,CRU,7,95.000000,85.000000,fora,267,VAS,2026-08-29 21:20:00,25,1.141696,2.311782,1.726739,0.500000,0.500000
118774,Alexsander,MEI,282,CAM,6,10.000000,10.000000,casa,287,VIT,2026-08-29 18:30:00,25,0.608540,2.825105,1.716822,0.500000,0.500000
92981,Ronaldo,MEI,285,INT,6,10.000000,10.000000,fora,265,BAH,2026-08-30 19:30:00,25,1.041219,2.385189,1.713204,0.500000,0.500000
126182,Paulinho,MEI,285,INT,3,10.000000,10.000000,fora,265,BAH,2026-08-30 19:30:00,25,1.141600,2.240713,1.691157,0.500000,0.500000
102909,Luan,MEI,276,SAO,6,10.000000,10.000000,casa,280,RBB,2026-08-29 20:00:00,25,0.820406,2.521175,1.670790,0.500000,0.500000
80061,Saúl,MEI,262,FLA,6,10.000000,10.000000,casa,263,BOT,2026-08-30 16:00:00,25,1.150967,2.174943,1.662955,0.500000,0.500000
125926,Zapelli,MEI,293,CAP,6,10.000000,10.000000,casa,266,FLU,2026-08-30 11:00:00,25,0.795912,2.467676,1.631794,0.500000,0.500000
141160,Zé Lucas,MEI,283,CRU,7,95.000000,85.000000,fora,267,VAS,2026-08-29 21:20:00,25,1.145799,2.110749,1.628274,0.500000,0.500000
147545,Jefinho,MEI,284,GRE,6,10.000000,10.000000,casa,315,CHA,2026-08-30 18:30:00,25,1.453122,1.780130,1.616626,0.500000,0.500000
87470,Thaciano,MEI,277,SAN,6,10.000000,10.000000,fora,264,COR,2026-08-30 16:00:00,25,0.789111,2.428945,1.609028,0.500000,0.500000
89837,Lucho Acosta,MEI,266,FLU,6,10.000000,10.000000,fora,293,CAP,2026-08-30 11:00:00,25,0.629439,2.570527,1.599983,0.500000,0.500000
103295,Eric Ramires,MEI,280,RBB,7,95.000000,85.000000,fora,276,SAO,2026-08-29 20:00:00,25,1.115134,2.061682,1.588408,0.500000,0.500000
130620,Edenílson,MEI,287,VIT,6,10.000000,10.000000,fora,282,CAM,2026-08-29 18:30:00,25,0.794536,2.352010,1.573273,0.500000,0.500000
124961,Castaño,MEI,282,CAM,2,10.000000,10.000000,casa,287,VIT,2026-08-29 18:30:00,25,0.593565,2.544284,1.568924,0.500000,0.500000
140438,David,MEI,315,CHA,6,10.000000,10.000000,fora,284,GRE,2026-08-30 18:30:00,25,0.677784,2.377448,1.527616,0.500000,0.500000
144976,Domingos Andrade,MEI,263,BOT,6,10.000000,10.000000,fora,262,FLA,2026-08-30 16:00:00,25,1.436235,1.609375,1.522805,0.500000,0.500000
82463,Otávio,MEI,266,FLU,6,10.000000,10.000000,fora,293,CAP,2026-08-30 11:00:00,25,0.841940,2.178231,1.510085,0.500000,0.500000
147546,Roger,MEI,284,GRE,6,10.000000,10.000000,casa,315,CHA,2026-08-30 18:30:00,25,1.250798,1.728449,1.489623,0.500000,0.500000
84674,Lucas Evangelista,MEI,275,PAL,6,10.000000,10.000000,fora,2305,MIR,2026-08-30 18:30:00,25,0.194211,2.782833,1.488522,0.500000,0.500000
112939,Catarozzi,MEI,364,REM,6,10.000000,10.000000,casa,294,CFC,2026-08-31 20:00:00,25,1.271896,1.694466,1.483181,0.500000,0.500000
89637,Thiago Maia,MEI,285,INT,6,10.000000,10.000000,fora,265,BAH,2026-08-30 19:30:00,25,1.060853,1.827690,1.444271,0.500000,0.500000
70164,Lucas Moura,MEI,276,SAO,5,10.000000,10.000000,casa,280,RBB,2026-08-29 20:00:00,25,0.436151,2.403987,1.420069,0.500000,0.500000
130279,Lukas Zuccarello,MEI,267,VAS,6,10.000000,10.000000,casa,283,CRU,2026-08-29 21:20:00,25,1.004376,1.820147,1.412262,0.500000,0.500000
125746,Dudu,MEI,293,CAP,6,10.000000,10.000000,casa,266,FLU,2026-08-30 11:00:00,25,0.496425,2.266875,1.381650,0.500000,0.500000
141536,Yuri Alves,MEI,280,RBB,6,10.000000,10.000000,fora,276,SAO,2026-08-29 20:00:00,25,0.899590,1.862967,1.381278,0.500000,0.500000
111760,Fabinho,MEI,280,RBB,6,10.000000,10.000000,fora,276,SAO,2026-08-29 20:00:00,25,0.408194,2.349977,1.379086,0.500000,0.500000
100987,Nonato,MEI,266,FLU,7,95.000000,85.000000,fora,293,CAP,2026-08-30 11:00:00,25,0.772755,1.937916,1.355336,0.500000,0.500000
110633,Gustavo,MEI,294,CFC,6,10.000000,10.000000,fora,364,REM,2026-08-31 20:00:00,25,1.167684,1.527740,1.347712,0.500000,0.500000
146991,Rhuan Gabriel,MEI,283,CRU,6,10.000000,10.000000,fora,267,VAS,2026-08-29 21:20:00,25,0.583355,2.105193,1.344274,0.500000,0.500000
136156,Larson,MEI,275,PAL,6,10.000000,10.000000,fora,2305,MIR,2026-08-30 18:30:00,25,0.470340,2.190646,1.330493,0.500000,0.500000
106323,Caio Alexandre,MEI,265,BAH,6,10.000000,10.000000,casa,285,INT,2026-08-30 19:30:00,25,0.669470,1.967803,1.318637,0.500000,0.500000
115914,Evertton Araújo,MEI,262,FLA,6,10.000000,10.000000,casa,263,BOT,2026-08-30 16:00:00,25,0.385293,2.164265,1.274779,0.500000,0.500000
141615,Pedro Ferreira,MEI,276,SAO,6,10.000000,10.000000,casa,280,RBB,2026-08-29 20:00:00,25,0.548716,1.995482,1.272099,0.500000,0.500000
96342,Charles,MEI,264,COR,6,10.000000,10.000000,casa,277,SAN,2026-08-30 16:00:00,25,0.832807,1.568311,1.200559,0.500000,0.500000
77510,Fred,MEI,282,CAM,6,10.000000,10.000000,casa,287,VIT,2026-08-29 18:30:00,25,-0.041021,2.391309,1.175144,0.500000,0.500000
89883,Dodi,MEI,284,GRE,5,10.000000,10.000000,casa,315,CHA,2026-08-30 18:30:00,25,0.077376,2.197401,1.137388,0.500000,0.500000
98224,Jáderson,MEI,364,REM,6,10.000000,10.000000,casa,294,CFC,2026-08-31 20:00:00,25,0.389667,1.877679,1.133673,0.500000,0.500000
85465,Alex Santana,MEI,264,COR,6,10.000000,10.000000,casa,277,SAN,2026-08-30 16:00:00,25,0.740073,1.506069,1.123071,0.500000,0.500000
141995,Dieguinho,MEI,264,COR,6,10.000000,10.000000,casa,277,SAN,2026-08-30 16:00:00,25,0.176272,2.065794,1.121033,0.500000,0.500000
124270,Allex,MEI,285,INT,5,10.000000,10.000000,fora,265,BAH,2026-08-30 19:30:00,25,0.188040,2.042120,1.115080,0.500000,0.500000
82407,Chico Kim,MEI,2305,MIR,6,10.000000,10.000000,casa,275,PAL,2026-08-30 18:30:00,25,0.276938,1.893955,1.085447,0.500000,0.500000
109461,Calebe,MEI,285,INT,6,10.000000,10.000000,fora,265,BAH,2026-08-30 19:30:00,25,0.687079,1.441987,1.064533,0.500000,0.500000
84428,Fernando Sobral,MEI,294,CFC,6,10.000000,10.000000,fora,364,REM,2026-08-31 20:00:00,25,0.383156,1.689780,1.036468,0.500000,0.500000
142260,Bernardo Zortea,MEI,284,GRE,6,10.000000,10.000000,casa,315,CHA,2026-08-30 18:30:00,25,0.432621,1.589223,1.010922,0.500000,0.500000
150757,Samuel Pierri,MEI,277,SAN,6,10.000000,10.000000,fora,264,COR,2026-08-30 16:00:00,25,0.548791,1.461967,1.005379,0.500000,0.500000
141344,Vitor Tissi,MEI,294,CFC,7,95.000000,85.000000,fora,364,REM,2026-08-31 20:00:00,25,0.421911,1.518405,0.970158,0.500000,0.500000
148215,Djhordney,MEI,276,SAO,6,10.000000,10.000000,casa,280,RBB,2026-08-29 20:00:00,25,-0.119704,1.772902,0.826599,0.500000,0.500000
146623,Luis Pacheco,MEI,275,PAL,6,10.000000,10.000000,fora,2305,MIR,2026-08-30 18:30:00,25,-0.213298,1.856978,0.821840,0.500000,0.500000
140726,David Martins,MEI,265,BAH,6,10.000000,10.000000,casa,285,INT,2026-08-30 19:30:00,25,-0.128236,1.760298,0.816031,0.500000,0.500000
123016,David Braga,MEI,364,REM,6,10.000000,10.000000,casa,294,CFC,2026-08-31 20:00:00,25,0.053978,1.544643,0.799311,0.500000,0.500000
130889,Riquelme,MEI,284,GRE,6,10.000000,10.000000,casa,315,CHA,2026-08-30 18:30:00,25,0.032849,1.517349,0.775099,0.500000,0.500000
146410,Marquinhos,MEI,263,BOT,6,10.000000,10.000000,fora,262,FLA,2026-08-30 16:00:00,25,-0.053919,1.568822,0.757452,0.500000,0.500000
143295,Joshua,MEI,262,FLA,6,10.000000,10.000000,casa,263,BOT,2026-08-30 16:00:00,25,-0.135131,1.561685,0.713277,0.500000,0.500000
105901,Edson Fernando,MEI,364,REM,5,10.000000,10.000000,casa,294,CFC,2026-08-31 20:00:00,25,-0.135131,1.535525,0.700197,0.500000,0.500000
86777,Danilo Barbosa,MEI,284,GRE,7,95.000000,85.000000,casa,315,CHA,2026-08-30 18:30:00,25,-0.110372,1.464063,0.676845,0.500000,0.500000
140496,Tiaguinho,MEI,284,GRE,6,10.000000,10.000000,casa,315,CHA,2026-08-30 18:30:00,25,-0.110372,1.464063,0.676845,0.500000,0.500000
99228,De la Cruz,MEI,262,FLA,6,10.000000,10.000000,casa,263,BOT,2026-08-30 16:00:00,25,-0.462928,1.774372,0.655722,0.500000,0.500000
146701,Benjamin Arhin,MEI,285,INT,5,10.000000,10.000000,fora,265,BAH,2026-08-30 19:30:00,25,-0.131403,1.312530,0.590564,0.500000,0.500000
106593,Villalba,ZAG,283,CRU,2,10.000000,10.000000,fora,267,VAS,2026-08-29 21:20:00,25,5.653453,5.306024,5.479739,0.500000,0.500000
70666,Marllon,ZAG,364,REM,7,95.000000,85.000000,casa,294,CFC,2026-08-31 20:00:00,25,5.945814,4.001002,4.973408,0.500000,0.500000
111246,Alix Vinicius,ZAG,280,RBB,6,10.000000,10.000000,fora,276,SAO,2026-08-29 20:00:00,25,3.983455,5.949324,4.966390,0.500000,0.500000
100842,Ruan,ZAG,282,CAM,5,10.000000,10.000000,casa,287,VIT,2026-08-29 18:30:00,25,4.627326,5.183168,4.905247,0.500000,0.500000
69208,Gabriel Paulista,ZAG,264,COR,7,95.000000,85.000000,casa,277,SAN,2026-08-30 16:00:00,25,3.933588,5.875011,4.904300,0.500000,0.500000
78248,Gustavo Henrique,ZAG,264,COR,7,95.000000,85.000000,casa,277,SAN,2026-08-30 16:00:00,25,4.333921,5.420684,4.877303,0.500000,0.500000
83528,Léo Pereira,ZAG,262,FLA,7,95.000000,85.000000,casa,263,BOT,2026-08-30 16:00:00,25,5.620841,4.093210,4.857026,0.500000,0.500000
123445,Dantas,ZAG,293,CAP,7,95.000000,85.000000,casa,266,FLU,2026-08-30 11:00:00,25,5.261796,4.241539,4.751667,0.500000,0.500000
132553,Jemmes,ZAG,266,FLU,6,10.000000,10.000000,fora,293,CAP,2026-08-30 11:00:00,25,5.045147,3.934849,4.489998,0.500000,0.500000
124912,Jonathan Jesus,ZAG,283,CRU,2,10.000000,10.000000,fora,267,VAS,2026-08-29 21:20:00,25,3.351273,5.601565,4.476419,0.500000,0.500000
90768,Fabrício Bruno,ZAG,283,CRU,3,10.000000,10.000000,fora,267,VAS,2026-08-29 21:20:00,25,3.040280,5.872907,4.456593,0.500000,0.500000
97642,Félix Torres,ZAG,285,INT,2,10.000000,10.000000,fora,265,BAH,2026-08-30 19:30:00,25,3.043777,5.805079,4.424428,0.500000,0.500000
105990,Santiago Mingo,ZAG,265,BAH,7,95.000000,85.000000,casa,285,INT,2026-08-30 19:30:00,25,4.520558,4.280502,4.400530,0.500000,0.500000
72951,Mercado,ZAG,285,INT,3,10.000000,10.000000,fora,265,BAH,2026-08-30 19:30:00,25,3.178014,5.610504,4.394259,0.500000,0.500000
105047,João Marcelo,ZAG,283,CRU,7,95.000000,85.000000,fora,267,VAS,2026-08-29 21:20:00,25,3.118561,5.615930,4.367246,0.500000,0.500000
97653,Murilo,ZAG,275,PAL,2,10.000000,10.000000,fora,2305,MIR,2026-08-30 18:30:00,25,3.825156,4.908677,4.366916,0.500000,0.500000
92087,Lyanco,ZAG,282,CAM,5,10.000000,10.000000,casa,287,VIT,2026-08-29 18:30:00,25,3.710436,4.993452,4.351944,0.500000,0.500000
130843,Arthur Dias,ZAG,293,CAP,7,95.000000,85.000000,casa,266,FLU,2026-08-30 11:00:00,25,4.078739,4.594173,4.336456,0.500000,0.500000
97867,Léo Ortiz,ZAG,262,FLA,7,95.000000,85.000000,casa,263,BOT,2026-08-30 16:00:00,25,3.950639,4.713171,4.331905,0.500000,0.500000
117330,Robert Renan,ZAG,267,VAS,6,10.000000,10.000000,casa,283,CRU,2026-08-29 21:20:00,25,4.835081,3.735274,4.285178,0.500000,0.500000
130048,Noriega,ZAG,284,GRE,3,10.000000,10.000000,casa,315,CHA,2026-08-30 18:30:00,25,4.946275,3.584302,4.265288,0.500000,0.500000
104075,Sabino,ZAG,276,SAO,6,10.000000,10.000000,casa,280,RBB,2026-08-29 20:00:00,25,4.172357,4.351601,4.261979,0.500000,0.500000
109127,Tiago Cóser,ZAG,294,CFC,7,95.000000,85.000000,fora,364,REM,2026-08-31 20:00:00,25,3.638018,4.874382,4.256200,0.500000,0.500000
72605,Vitor Hugo,ZAG,282,CAM,7,95.000000,85.000000,casa,287,VIT,2026-08-29 18:30:00,25,3.273380,5.203172,4.238276,0.500000,0.500000
123869,Aguirre,ZAG,293,CAP,7,95.000000,85.000000,casa,266,FLU,2026-08-30 11:00:00,25,4.010219,4.458249,4.234234,0.500000,0.500000
78855,Thiago Santos,ZAG,294,CFC,3,10.000000,10.000000,fora,364,REM,2026-08-31 20:00:00,25,3.993029,4.451580,4.222304,0.500000,0.500000
150197,Osorio,ZAG,276,SAO,6,10.000000,10.000000,casa,280,RBB,2026-08-29 20:00:00,25,4.782543,3.630193,4.206368,0.500000,0.500000
92440,André Ramalho,ZAG,264,COR,5,10.000000,10.000000,casa,277,SAN,2026-08-30 16:00:00,25,3.897008,4.456031,4.176520,0.500000,0.500000
87225,Pedro Henrique,ZAG,280,RBB,7,95.000000,85.000000,fora,276,SAO,2026-08-29 20:00:00,25,3.625682,4.624617,4.125149,0.500000,0.500000
91772,David Duarte,ZAG,265,BAH,7,95.000000,85.000000,casa,285,INT,2026-08-30 19:30:00,25,4.169380,4.048887,4.109133,0.500000,0.500000
97878,Jacy,ZAG,294,CFC,7,95.000000,85.000000,fora,364,REM,2026-08-31 20:00:00,25,4.195511,3.921893,4.058702,0.500000,0.500000
91573,Arboleda,ZAG,276,SAO,7,95.000000,85.000000,casa,280,RBB,2026-08-29 20:00:00,25,3.955541,4.085262,4.020402,0.500000,0.500000
111466,Victor Gabriel,ZAG,285,INT,3,10.000000,10.000000,fora,265,BAH,2026-08-30 19:30:00,25,2.144995,5.885447,4.015221,0.500000,0.500000
110750,Gustavo Marques,ZAG,280,RBB,7,95.000000,85.000000,fora,276,SAO,2026-08-29 20:00:00,25,2.826182,5.156740,3.991461,0.500000,0.500000
71684,Gustavo Gómez,ZAG,275,PAL,7,95.000000,85.000000,fora,2305,MIR,2026-08-30 18:30:00,25,3.048518,4.818558,3.933538,0.500000,0.500000
105300,Ferraresi,ZAG,263,BOT,7,95.000000,85.000000,fora,262,FLA,2026-08-30 16:00:00,25,4.127118,3.725592,3.926355,0.500000,0.500000
106313,Domingos Duarte,ZAG,276,SAO,7,95.000000,85.000000,casa,280,RBB,2026-08-29 20:00:00,25,4.271239,3.541436,3.906338,0.500000,0.500000
101908,Willian Machado,ZAG,2305,MIR,7,95.000000,85.000000,casa,275,PAL,2026-08-30 18:30:00,25,4.157859,3.584473,3.871166,0.500000,0.500000
141131,Vitão,ZAG,282,CAM,7,95.000000,85.000000,casa,287,VIT,2026-08-29 18:30:00,25,2.732806,4.991172,3.861989,0.500000,0.500000
97460,João Victor,ZAG,2305,MIR,7,95.000000,85.000000,casa,275,PAL,2026-08-30 18:30:00,25,3.894244,3.790818,3.842531,0.500000,0.500000
106434,Eduardo Santos,ZAG,280,RBB,6,10.000000,10.000000,fora,276,SAO,2026-08-29 20:00:00,25,3.432247,4.215901,3.824074,0.500000,0.500000
118655,Saldivia,ZAG,267,VAS,6,10.000000,10.000000,casa,283,CRU,2026-08-29 21:20:00,25,3.921847,3.585128,3.753487,0.500000,0.500000
91866,Zé Ivaldo,ZAG,364,REM,6,10.000000,10.000000,casa,294,CFC,2026-08-31 20:00:00,25,4.012244,3.493679,3.752962,0.500000,0.500000
97900,Vitão,ZAG,262,FLA,6,10.000000,10.000000,casa,263,BOT,2026-08-30 16:00:00,25,3.470683,3.981580,3.726132,0.500000,0.500000
100804,Tchamba,ZAG,364,REM,7,95.000000,85.000000,casa,294,CFC,2026-08-31 20:00:00,25,3.611163,3.734859,3.673011,0.500000,0.500000
111309,Gustavo Martins,ZAG,284,GRE,2,10.000000,10.000000,casa,315,CHA,2026-08-30 18:30:00,25,4.308781,3.024743,3.666762,0.500000,0.500000
69783,Danilo,ZAG,262,FLA,6,10.000000,10.000000,casa,263,BOT,2026-08-30 16:00:00,25,3.326414,3.974387,3.650401,0.500000,0.500000
101393,Eduardo Doma,ZAG,315,CHA,7,95.000000,85.000000,fora,284,GRE,2026-08-30 18:30:00,25,3.211937,4.086169,3.649053,0.500000,0.500000
113034,Freytes,ZAG,266,FLU,5,10.000000,10.000000,fora,293,CAP,2026-08-30 11:00:00,25,3.361396,3.923059,3.642228,0.500000,0.500000
102340,Cacá,ZAG,287,VIT,7,95.000000,85.000000,fora,282,CAM,2026-08-29 18:30:00,25,2.382158,4.886080,3.634119,0.500000,0.500000
63008,Rafael Tolói,ZAG,276,SAO,6,10.000000,10.000000,casa,280,RBB,2026-08-29 20:00:00,25,3.479853,3.781659,3.630756,0.500000,0.500000
115537,Marcos Victor,ZAG,265,BAH,6,10.000000,10.000000,casa,285,INT,2026-08-30 19:30:00,25,2.930848,4.149600,3.540224,0.500000,0.500000
99274,Alexander Barboza,ZAG,275,PAL,2,10.000000,10.000000,fora,2305,MIR,2026-08-30 18:30:00,25,2.994525,4.078436,3.536481,0.500000,0.500000
146430,Justino,ZAG,263,BOT,7,95.000000,85.000000,fora,262,FLA,2026-08-30 16:00:00,25,4.182853,2.877834,3.530343,0.500000,0.500000
98484,Kanu,ZAG,265,BAH,6,10.000000,10.000000,casa,285,INT,2026-08-30 19:30:00,25,3.096987,3.959038,3.528013,0.500000,0.500000
107985,Terán,ZAG,293,CAP,6,10.000000,10.000000,casa,266,FLU,2026-08-30 11:00:00,25,3.628831,3.417614,3.523223,0.500000,0.500000
92182,Juninho,ZAG,285,INT,2,10.000000,10.000000,fora,265,BAH,2026-08-30 19:30:00,25,2.538417,4.441548,3.489983,0.500000,0.500000
97095,Carlos Cuesta,ZAG,267,VAS,7,95.000000,85.000000,casa,283,CRU,2026-08-29 21:20:00,25,3.314194,3.579485,3.446840,0.500000,0.500000
150825,Breno,ZAG,280,RBB,6,10.000000,10.000000,fora,276,SAO,2026-08-29 20:00:00,25,2.296650,4.583337,3.439994,0.500000,0.500000
96793,Camutanga,ZAG,287,VIT,5,10.000000,10.000000,fora,282,CAM,2026-08-29 18:30:00,25,2.440731,4.431742,3.436237,0.500000,0.500000
98617,Maripán,ZAG,285,INT,7,95.000000,85.000000,fora,265,BAH,2026-08-30 19:30:00,25,2.211537,4.521738,3.366638,0.500000,0.500000
100342,Léo Andrade,ZAG,364,REM,6,10.000000,10.000000,casa,294,CFC,2026-08-31 20:00:00,25,3.239414,3.357438,3.298426,0.500000,0.500000
125488,João Pedro,ZAG,264,COR,6,10.000000,10.000000,casa,277,SAN,2026-08-30 16:00:00,25,3.121397,3.471084,3.296240,0.500000,0.500000
101995,Brítez,ZAG,287,VIT,7,95.000000,85.000000,fora,282,CAM,2026-08-29 18:30:00,25,2.457023,4.125334,3.291179,0.500000,0.500000
94514,Lucas Oliveira,ZAG,2305,MIR,6,10.000000,10.000000,casa,275,PAL,2026-08-30 18:30:00,25,3.652225,2.648848,3.150536,0.500000,0.500000
103523,Ignácio,ZAG,266,FLU,7,95.000000,85.000000,fora,293,CAP,2026-08-30 11:00:00,25,3.454386,2.748033,3.101210,0.500000,0.500000
102310,Matheus Felipe,ZAG,364,REM,6,10.000000,10.000000,casa,294,CFC,2026-08-31 20:00:00,25,2.854467,3.340270,3.097368,0.500000,0.500000
85626,Léo,ZAG,293,CAP,6,10.000000,10.000000,casa,266,FLU,2026-08-30 11:00:00,25,2.817972,3.343954,3.080963,0.500000,0.500000
124219,Millán,ZAG,266,FLU,2,10.000000,10.000000,fora,293,CAP,2026-08-30 11:00:00,25,3.141144,2.992996,3.067070,0.500000,0.500000
105842,Edu,ZAG,287,VIT,5,10.000000,10.000000,fora,282,CAM,2026-08-29 18:30:00,25,2.081983,4.034296,3.058140,0.500000,0.500000
104994,Wagner Leonardo,ZAG,284,GRE,2,10.000000,10.000000,casa,315,CHA,2026-08-30 18:30:00,25,3.452423,2.640035,3.046229,0.500000,0.500000
124483,Lucas Monzón,ZAG,263,BOT,6,10.000000,10.000000,fora,262,FLA,2026-08-30 16:00:00,25,3.330634,2.724236,3.027435,0.500000,0.500000
71227,Maicon,ZAG,294,CFC,6,10.000000,10.000000,fora,364,REM,2026-08-31 20:00:00,25,2.531330,3.512896,3.022113,0.500000,0.500000
115141,Lucas Freitas,ZAG,267,VAS,7,95.000000,85.000000,casa,283,CRU,2026-08-29 21:20:00,25,2.729585,3.251406,2.990495,0.500000,0.500000
104085,Bruno Fuchs,ZAG,275,PAL,6,10.000000,10.000000,fora,2305,MIR,2026-08-30 18:30:00,25,2.440508,3.442549,2.941529,0.500000,0.500000
97432,Victor Caetano,ZAG,315,CHA,6,10.000000,10.000000,fora,284,GRE,2026-08-30 18:30:00,25,2.466728,3.347341,2.907035,0.500000,0.500000
37715,Thiago Silva,ZAG,266,FLU,2,10.000000,10.000000,fora,293,CAP,2026-08-30 11:00:00,25,2.784756,3.019948,2.902352,0.500000,0.500000
140492,João Victor,ZAG,262,FLA,6,10.000000,10.000000,casa,263,BOT,2026-08-30 16:00:00,25,2.717013,3.032480,2.874747,0.500000,0.500000
93368,Lucas Veríssimo,ZAG,277,SAN,7,95.000000,85.000000,fora,264,COR,2026-08-30 16:00:00,25,3.253506,2.483702,2.868604,0.500000,0.500000
130307,Wallace,ZAG,284,GRE,7,95.000000,85.000000,casa,315,CHA,2026-08-30 18:30:00,25,3.632890,2.071113,2.852002,0.500000,0.500000
87887,Balbuena,ZAG,284,GRE,6,10.000000,10.000000,casa,315,CHA,2026-08-30 18:30:00,25,3.440274,2.229259,2.834767,0.500000,0.500000
133679,Benedetti,ZAG,275,PAL,6,10.000000,10.000000,fora,2305,MIR,2026-08-30 18:30:00,25,1.914716,3.715889,2.815302,0.500000,0.500000
84847,Luan Peres,ZAG,277,SAN,7,95.000000,85.000000,fora,264,COR,2026-08-30 16:00:00,25,3.236702,2.364622,2.800662,0.500000,0.500000
117061,Gabriel Knesowitsch,ZAG,2305,MIR,7,95.000000,85.000000,casa,275,PAL,2026-08-30 18:30:00,25,3.136975,2.308952,2.722963,0.500000,0.500000
107453,João Paulo,ZAG,315,CHA,5,10.000000,10.000000,fora,284,GRE,2026-08-30 18:30:00,25,2.750096,2.684834,2.717465,0.500000,0.500000
142257,Luis Eduardo,ZAG,284,GRE,6,10.000000,10.000000,casa,315,CHA,2026-08-30 18:30:00,25,2.877450,2.432651,2.655051,0.500000,0.500000
83048,Rafael Thyere,ZAG,315,CHA,6,10.000000,10.000000,fora,284,GRE,2026-08-30 18:30:00,25,2.300521,2.869083,2.584802,0.500000,0.500000
148124,Vinicius,ZAG,315,CHA,5,10.000000,10.000000,fora,284,GRE,2026-08-30 18:30:00,25,2.232775,2.931950,2.582362,0.500000,0.500000
63354,Rodrigo Moledo,ZAG,294,CFC,6,10.000000,10.000000,fora,364,REM,2026-08-31 20:00:00,25,2.167445,2.988462,2.577954,0.500000,0.500000
130806,Kauan,ZAG,315,CHA,7,95.000000,85.000000,fora,284,GRE,2026-08-30 18:30:00,25,2.741118,2.363656,2.552387,0.500000,0.500000
87342,Kannemann,ZAG,284,GRE,6,10.000000,10.000000,casa,315,CHA,2026-08-30 18:30:00,25,2.725325,2.377926,2.551625,0.500000,0.500000
145563,João Ananias,ZAG,277,SAN,6,10.000000,10.000000,fora,264,COR,2026-08-30 16:00:00,25,2.888588,2.176431,2.532510,0.500000,0.500000
89493,Igor Rabello,ZAG,266,FLU,5,10.000000,10.000000,fora,293,CAP,2026-08-30 11:00:00,25,2.628512,2.403591,2.516052,0.500000,0.500000
126013,Ythallo,ZAG,263,BOT,6,10.000000,10.000000,fora,262,FLA,2026-08-30 16:00:00,25,2.118126,2.647918,2.383022,0.500000,0.500000
